event_count,code_edit_count,cursor_move_count,editor_focus_count,mean_inter_event_time,std_inter_event_time,mean_edit_length,std_edit_length,large_edit_count
4,1,2,1,0.3046932915846507,0.41786256057992843,189.0,0.0,1
4,2,2,0,0.06812294417371352,0.09556010448656474,190.5,0.5,2
4,2,2,0,0.06812294417371352,0.09556010448656474,190.5,0.5,2
6,3,3,0,0.30816413313150404,0.517600854925761,191.33333333333334,1.247219128924647,3
6,3,3,0,0.30816413313150404,0.517600854925761,191.33333333333334,1.247219128924647,3
8,4,4,0,0.5269175773220403,0.8000179519682039,192.0,1.5811388300841898,4
6,3,3,0,0.609013083204627,0.842624643775919,194.0,0.816496580927726,3
6,3,3,0,0.609013083204627,0.842624643775919,194.0,0.816496580927726,3
6,3,3,0,0.6359545415267348,0.8937059108481766,195.0,0.816496580927726,3
6,3,3,0,0.6359545415267348,0.8937059108481766,195.0,0.816496580927726,3
5,2,3,0,1.113052916713059,1.1126097463083808,195.5,0.5,2
7,3,4,0,0.5912364860996604,0.7707679100403774,202.0,7.118052168020874,3
7,3,4,0,0.5912364860996604,0.7707679100403774,202.0,7.118052168020874,3
5,2,3,0,0.34521595831029117,0.3530339208465724,205.0,7.0,2
5,2,3,0,0.34521595831029117,0.3530339208465724,205.0,7.0,2
4,2,2,0,0.19411486107856035,0.27358928954281103,205.0,7.0,2
4,2,2,0,0.06513654161244631,0.08985379080409893,213.5,0.5,2
6,3,3,0,0.34609584994614123,0.5980323241874029,214.33333333333334,1.247219128924647,3
6,3,3,0,0.34609584994614123,0.5980323241874029,214.33333333333334,1.247219128924647,3
6,3,3,0,0.34609584994614123,0.5980323241874029,214.33333333333334,1.247219128924647,3
6,3,3,0,0.34609584994614123,0.5980323241874029,214.33333333333334,1.247219128924647,3
4,2,2,0,0.22526847198605537,0.31694628346524734,217.5,0.5,2
6,3,3,0,0.2635785581544042,0.32161768318180184,218.0,0.816496580927726,3
7,3,4,0,0.37572417346139747,0.38611070123598695,218.0,0.816496580927726,3
9,4,5,0,0.42083772376645356,0.4415744964989408,218.75,1.479019945774904,4
9,4,5,0,0.538304656278342,0.5927191725722811,225.25,10.304731922762475,4
7,3,4,0,0.610796555566291,0.6428211274792838,227.66666666666666,10.873004286866726,3
5,2,3,0,0.6818242396693677,0.7037875305213307,232.0,11.0,2
10,5,5,0,0.48028309715704787,0.7667754328104845,239.8,9.45304183847718,5
10,5,5,0,0.38601622689101434,0.6671617478313426,245.0,1.4142135623730951,5
10,5,5,0,0.2540194443944428,0.34883452719975133,246.0,1.4142135623730951,5
12,6,6,0,0.2843306250023571,0.3683829509027427,246.5,1.707825127659933,6
12,6,6,0,0.2843306250023571,0.3683829509027427,246.5,1.707825127659933,6
8,4,4,0,0.5207668214238116,0.6690938221269035,248.75,1.479019945774904,4
6,3,3,0,0.5384933667257428,0.7318199411242972,249.33333333333334,1.247219128924647,3
6,3,3,0,0.8291839748620987,1.0240490580870159,250.66666666666666,1.247219128924647,3
5,2,3,0,0.8649322602432221,0.9517930433542178,251.5,0.5,2
8,3,5,0,0.6881021428853273,0.7804588119234387,252.0,0.816496580927726,3
6,2,4,0,0.5045754835009575,0.4573056089480576,252.5,0.5,2
9,3,5,0,0.5051438490627334,0.5660288127383948,252.33333333333334,0.4714045207910317,3
7,2,4,0,0.4792098890369137,0.5582900778200082,252.5,0.5,2
7,2,4,0,0.6218745762792727,0.7153627981219542,252.5,0.5,2
6,2,3,0,0.5362379251047968,0.6887476402751032,252.5,0.5,2
9,3,5,0,0.5743763959035277,0.6131962068796336,253.0,0.816496580927726,3
12,5,7,0,0.3369904015721245,0.40336526515336635,255.0,1.4142135623730951,5
16,7,9,0,0.30911907497793434,0.36988226721291606,256.0,2.0,7
15,7,8,0,0.26019035412796904,0.3326784410481948,256.0,2.0,7
13,6,7,0,0.21865619788877666,0.2719729300680479,256.5,1.707825127659933,6
12,6,6,0,0.3857793371955102,0.7909886473220705,257.6666666666667,1.9720265943665387,6
8,4,4,0,0.5636500834620425,0.9531124880827343,265.25,10.304731922762475,4
10,5,5,0,0.2458520092897945,0.3744419350193022,279.8,9.45304183847718,5
14,7,7,0,0.20759098081348035,0.32484264410541525,282.0,8.717797887081348,7
16,8,8,0,0.2781717972209056,0.44276852128590577,283.0,8.573214099741124,8
14,7,7,0,0.2770574423126303,0.46231482315254196,286.14285714285717,2.2314999074019015,7
12,6,6,0,0.22095866662196137,0.41232623230450605,286.6666666666667,1.9720265943665387,6
6,3,3,0,0.3298140332102776,0.5753252539732497,288.3333333333333,1.247219128924647,3
4,2,2,0,1.3944474862267573,1.970521495358618,290.5,0.5,2
4,1,3,0,0.3021271942804257,0.2142694004648083,291.0,0.0,1
5,1,4,0,0.46548454137519,0.33836430150235886,291.0,0.0,1
7,2,5,0,0.5160379304240147,0.45608010143621774,291.5,0.5,2
7,2,5,0,0.5160379304240147,0.45608010143621774,291.5,0.5,2
6,1,5,0,0.7659544751048089,0.4631871171421586,292.0,0.0,1
5,1,4,0,0.997743739746511,0.5993360449606511,292.0,0.0,1
4,1,3,0,0.9192073612163464,0.6739928847608365,292.0,0.0,1
4,1,3,0,1.078488347120583,0.7624763819757362,293.0,0.0,1
4,1,3,0,1.078488347120583,0.7624763819757362,293.0,0.0,1
7,3,4,0,0.714134611034145,0.9348340422436857,294.0,0.816496580927726,3
10,5,5,0,0.3402490510294835,0.7208323081504943,295.0,1.4142135623730951,5
12,6,6,0,0.3521624849262563,0.6749697628407182,295.5,1.707825127659933,6
12,6,6,0,0.23962058330124075,0.36239799157251107,296.6666666666667,1.9720265943665387,6
14,7,7,0,0.26027377888273734,0.36720412971479466,299.14285714285717,6.334228364970103,7
13,6,6,0,0.39191127428784966,0.5624561791182614,302.5,6.922186552431729,6
9,4,4,0,0.45428903645370156,0.6389055814461675,305.5,6.689544080129826,4
9,3,5,0,0.5636221300810575,0.6500956691974493,308.0,5.887840577551898,3
16,5,7,0,0.3192951389277975,0.5320150536023378,308.4,3.6110940170535577,5
17,5,7,0,0.23557931248797104,0.3806948080522556,305.4,3.9293765408777004,5
17,5,7,0,0.18077284639002755,0.25801058739976934,303.0,4.049691346263317,5
21,7,9,0,0.22706734375096857,0.31625212608000786,304.14285714285717,5.383269623261935,7
19,7,7,0,0.18685828237276939,0.3078617804031097,304.14285714285717,5.383269623261935,7
10,4,4,0,0.23824177775532007,0.3602478001779673,302.75,6.53356717268599,4
9,4,4,0,0.6045316718518734,1.0398847970299878,306.75,7.790218225441442,4
8,4,4,0,0.5666391547503216,1.0880850455487923,311.25,6.53356717268599,4
6,3,3,0,0.2850977830588818,0.4898719945125001,316.3333333333333,1.247219128924647,3
6,3,3,0,0.2850977830588818,0.4898719945125001,316.3333333333333,1.247219128924647,3
6,3,3,0,0.2850977830588818,0.4898719945125001,316.3333333333333,1.247219128924647,3
4,2,2,0,0.42003104152778786,0.5915729534141183,317.0,1.0,2
4,2,2,0,0.2988233333453536,0.4217493330461726,319.5,0.5,2
6,3,3,0,0.3467922585085034,0.42414355592051295,320.0,0.816496580927726,3
6,3,3,0,0.3467922585085034,0.42414355592051295,320.0,0.816496580927726,3
7,3,4,0,0.6104207083893319,0.7052762541186185,320.0,0.816496580927726,3
7,3,4,0,0.6104207083893319,0.7052762541186185,320.0,0.816496580927726,3
7,3,4,0,0.664859874950101,0.7548889584956078,322.3333333333333,1.247219128924647,3
5,2,3,0,0.514837833121419,0.5682841164667938,323.0,1.0,2
7,3,4,0,0.5651526319173475,0.6063112134240163,330.6666666666667,10.873004286866726,3
6,3,3,0,0.4038343332707882,0.5338486528587673,330.6666666666667,10.873004286866726,3
8,4,4,0,0.6854130891816956,0.975835915834942,334.75,11.776565713313877,4
12,6,6,0,0.34259709089317103,0.7793286178340026,348.5,1.707825127659933,6
12,6,6,0,0.34259709089317103,0.7793286178340026,348.5,1.707825127659933,6
10,5,5,0,0.11000387960424025,0.12872544137213773,349.0,1.4142135623730951,5
12,6,6,0,0.2857528712431138,0.6024219730289314,349.5,1.707825127659933,6
10,5,5,0,0.32109434716403484,0.6581759560785606,350.0,1.4142135623730951,5
4,2,2,0,1.4264605417847633,2.015741878741941,352.5,0.5,2
3,1,2,0,0.5862921457737684,0.5850536460056901,353.0,0.0,1
3,1,2,0,0.5862921457737684,0.5850536460056901,353.0,0.0,1
5,2,3,0,0.8426248959731311,0.9146582685301782,354.0,1.0,2
5,2,3,0,0.8426248959731311,0.9146582685301782,354.0,1.0,2
3,1,2,0,1.0989576461724937,1.0952163119800389,355.0,0.0,1
4,0,4,0,0.34790968025724095,0.21288899057744873,0.0,0.0,0
4,0,4,0,0.34790968025724095,0.21288899057744873,0.0,0.0,0
9,2,6,0,0.3492433906067163,0.3891238427497711,354.5,0.5,2
9,2,6,0,0.3492433906067163,0.3891238427497711,354.5,0.5,2
8,2,5,0,0.3067754166466849,0.3982714986545295,354.5,0.5,2
11,4,4,0,0.34586770832538605,0.7053743580417285,354.0,0.7071067811865476,4
13,5,5,0,0.3700566249899566,0.6764142044212956,354.0,0.6324555320336759,5
10,4,4,0,0.22725168977760607,0.3421579546711045,354.0,0.7071067811865476,4
10,4,4,0,0.22725168977760607,0.3421579546711045,354.0,0.7071067811865476,4
11,4,5,0,0.46196037493646147,0.7753440277394484,354.0,0.7071067811865476,4
6,2,4,0,0.8411413080990314,0.9538056983308534,354.5,0.5,2
5,1,4,0,0.9819281145464629,0.9997607503991972,355.0,0.0,1
6,0,6,0,0.5750742334872484,0.3712152328142591,0.0,0.0,0
6,0,6,0,0.5750742334872484,0.3712152328142591,0.0,0.0,0
7,1,6,0,0.6257130765977005,0.6628624164466371,356.0,0.0,1
7,1,6,0,0.7750719861748318,0.6690262828496759,356.0,0.0,1
6,1,5,0,0.733183816820383,0.7256636191660594,356.0,0.0,1
11,5,6,0,0.32997239995747807,0.48986398061294917,358.0,1.4142135623730951,5
15,7,8,0,0.3005243065500898,0.44213746673988225,359.0,2.0,7
13,6,7,0,0.2523141527393212,0.39310518077294476,359.5,1.707825127659933,6
14,7,7,0,0.2780797756635226,0.5237963807670746,360.14285714285717,2.2314999074019015,7
16,8,8,0,0.32200391391913097,0.5471986733374596,363.375,8.802520945729126,8
8,4,4,0,0.5510736904772264,0.7221939783108877,368.25,10.304731922762475,4
10,5,5,0,0.3004982777767711,0.4600224656871884,382.8,9.45304183847718,5
14,7,7,0,0.2850515159706657,0.4275439180344006,385.0,8.717797887081348,7
14,7,7,0,0.3080967916892125,0.48180969818837194,389.14285714285717,2.2314999074019015,7
12,6,6,0,0.2662965833971446,0.4587931592230608,389.6666666666667,1.9720265943665387,6
14,7,7,0,0.3265788782244691,0.514306837582561,390.2857142857143,2.3733211036908783,7
9,4,5,0,0.4746780990390107,0.5999380032631558,392.0,1.5811388300841898,4
8,3,5,0,0.5536883035674691,0.5243670966734778,394.0,0.816496580927726,3
7,2,5,0,0.4994770137903591,0.4153185640181811,394.5,0.5,2
9,3,6,0,0.5433084999676794,0.49851490140224414,395.0,0.816496580927726,3
7,2,5,0,0.5920042291594049,0.519194715527693,395.5,0.5,2
6,2,4,0,0.47821617498993874,0.4957715759583423,395.5,0.5,2
3,1,2,0,0.6748029584996402,0.6734578744508326,396.0,0.0,1
4,1,2,1,0.7636026249577602,1.0718794380679975,275.0,0.0,1
4,1,2,1,0.7636026249577602,1.0718794380679975,275.0,0.0,1
4,1,2,1,0.7636026249577602,1.0718794380679975,275.0,0.0,1
4,2,2,0,0.07831966659675042,0.1087117977532495,276.5,0.5,2
6,3,3,0,0.09222280811518431,0.11163053153240599,277.0,0.816496580927726,3
8,4,4,0,0.25069998218012707,0.4368143352535115,277.75,1.479019945774904,4
10,5,5,0,0.35875949998282725,0.556560433930103,278.4,1.8547236990991407,5
10,5,5,0,0.35875949998282725,0.556560433930103,278.4,1.8547236990991407,5
8,4,4,0,0.6774650715025408,0.8036438182938477,280.25,1.479019945774904,4
8,4,4,0,0.6070765178384525,0.7673422428218942,281.5,1.118033988749895,4
6,3,3,0,0.5550064750015735,0.7733976705873635,282.0,0.816496580927726,3
4,2,2,0,0.26717361124853295,0.3761647090819059,282.5,0.5,2
4,2,2,0,0.26717361124853295,0.3761647090819059,282.5,0.5,2
4,2,2,0,0.08786688869198163,0.12305376212572323,284.5,0.5,2
6,3,3,0,0.15504630822688342,0.20464522604258908,285.0,0.816496580927726,3
8,4,4,0,0.335256202279457,0.5362266051515046,285.5,1.118033988749895,4
8,4,4,0,0.335256202279457,0.5362266051515046,285.5,1.118033988749895,4
8,4,4,0,0.335256202279457,0.5362266051515046,285.5,1.118033988749895,4
6,3,3,0,0.8538705751299858,1.1041844517363852,287.0,0.816496580927726,3
6,3,3,0,0.743933841586113,1.05314585595613,288.0,0.816496580927726,3
6,3,3,0,0.27565537486225367,0.3966260545738909,289.0,0.816496580927726,3
6,3,3,0,0.27565537486225367,0.3966260545738909,289.0,0.816496580927726,3
6,3,3,0,0.27565537486225367,0.3966260545738909,289.0,0.816496580927726,3
4,2,2,0,0.11915658321231604,0.1661004726057092,289.5,0.5,2
4,1,3,0,1.6292947782203555,2.087507495819354,290.0,0.0,1
7,0,7,0,0.19096326377863684,0.161240323752189,0.0,0.0,0
10,0,10,0,0.22202599069310558,0.13911054400109862,0.0,0.0,0
12,1,11,0,0.27773551134900615,0.2834453526042488,291.0,0.0,1
14,2,12,0,0.29084246469518316,0.29849044117609125,291.5,0.5,2
14,3,11,0,0.30780842950424325,0.365960029479002,292.0,0.816496580927726,3
11,4,7,0,0.4877154207788408,0.5157457554566742,292.5,1.118033988749895,4
8,4,4,0,0.46142726777387516,0.5680576517382172,292.5,1.118033988749895,4
10,3,7,0,0.5053066388807363,0.5854898315706475,293.0,0.816496580927726,3
15,2,13,0,0.3037773303554526,0.4725146813131994,293.5,0.5,2
15,1,14,0,0.2863082053538944,0.36457533422064686,294.0,0.0,1
13,0,13,0,0.21928381252412996,0.21183969732871558,0.0,0.0,0
17,2,15,0,0.2607966093928553,0.29602699664715126,303.0,7.0,2
13,2,11,0,0.28496507291371626,0.3217047488948791,303.0,7.0,2
6,2,4,0,0.4310235334560275,0.4056177724741865,303.0,7.0,2
4,2,2,0,0.15468755581726631,0.21794580584372972,303.0,7.0,2
4,2,2,0,0.15468755581726631,0.21794580584372972,303.0,7.0,2
4,2,2,0,0.06638358347117901,0.09166751441593861,311.5,0.5,2
4,2,2,0,0.06638358347117901,0.09166751441593861,311.5,0.5,2
4,2,2,0,0.06638358347117901,0.09166751441593861,311.5,0.5,2
4,2,2,0,0.06638358347117901,0.09166751441593861,311.5,0.5,2
4,2,2,0,0.7017612913623452,0.9906229145985678,314.5,0.5,2
4,2,2,0,0.7017612913623452,0.9906229145985678,314.5,0.5,2
4,2,2,0,0.7017612913623452,0.9906229145985678,314.5,0.5,2
3,1,1,0,0.0033736671321094036,0.0008740420453250408,314.0,0.0,1
7,3,3,0,0.2405632083925108,0.47602211779429887,315.0,0.816496580927726,3
9,4,4,0,0.2524750209413469,0.4369069653287986,315.5,1.118033988749895,4
9,4,4,0,0.2524750209413469,0.4369069653287986,315.5,1.118033988749895,4
9,4,4,0,0.2524750209413469,0.4369069653287986,315.5,1.118033988749895,4
8,4,4,0,0.5297161250242165,1.024667392983397,316.5,1.118033988749895,4
4,2,2,0,0.9988082641114792,1.4110476296112164,317.5,0.5,2
4,2,2,0,0.44538806937634945,0.6285225513266138,319.5,0.5,2
8,4,4,0,0.2933372261800936,0.45493870562107674,320.5,1.118033988749895,4
8,4,4,0,0.2933372261800936,0.45493870562107674,320.5,1.118033988749895,4
8,4,4,0,0.2933372261800936,0.45493870562107674,320.5,1.118033988749895,4
12,5,5,0,0.31322814405641775,0.6804397735948338,320.8,0.7483314773547883,5
14,6,6,0,0.35018711537122726,0.6808589403418788,321.1666666666667,0.6871842709362768,6
12,5,5,0,0.17853504165329717,0.34880390649812876,321.4,1.019803902718557,5
12,5,5,0,0.17853504165329717,0.34880390649812876,321.4,1.019803902718557,5
12,5,5,0,0.17853504165329717,0.34880390649812876,321.4,1.019803902718557,5
6,3,3,0,0.084503891505301,0.10858235443974372,322.0,0.816496580927726,3
3,1,2,0,0.6011109375394881,0.6000522295944393,324.0,0.0,1
5,2,3,0,0.6635349376592785,0.6685049249971812,325.0,1.0,2
7,3,4,0,0.617379937476168,0.6274048811948603,332.6666666666667,10.873004286866726,3
5,2,3,0,0.6255144374445081,0.6404884683043649,337.0,11.0,2
5,2,3,0,0.6255144374445081,0.6404884683043649,337.0,11.0,2
4,2,2,0,0.3502935276677211,0.4939444374904051,337.0,11.0,2
4,2,2,0,1.3930809861049056,1.9683060402427275,348.5,0.5,2
4,2,2,0,0.05432098638266325,0.07485868604350414,349.5,0.5,2
6,3,3,0,0.36119544189423325,0.6430924858797481,351.3333333333333,2.6246692913372702,3
10,5,5,0,0.334245134351982,0.5243786327456359,353.4,3.2619012860600183,5
12,6,6,0,0.3046198145232417,0.48393405497363456,354.1666666666667,3.435921354681384,6
12,6,6,0,0.4479002652012489,0.6306728589556722,355.8333333333333,2.9107081994288304,6
14,7,7,0,0.2976769840058226,0.4746810782745779,358.0,2.0,7
14,7,7,0,0.3336373172843686,0.5224825532297703,359.0,2.0,7
12,6,6,0,0.43675266290930187,0.6163347098764961,360.5,1.707825127659933,6
10,5,5,0,0.34088573615170187,0.4966775736736896,361.0,1.4142135623730951,5
9,4,5,0,0.49699585407506675,0.59642446035592,361.5,1.118033988749895,4
11,5,6,0,0.42566636661067603,0.5264867060589038,364.0,1.4142135623730951,5
15,7,8,0,0.28390796429344584,0.3971801513397476,366.0,2.0,7
13,6,7,0,0.2219949965365231,0.29302176655802115,366.5,1.707825127659933,6
15,7,8,0,0.2875081815623811,0.40665287594672506,367.14285714285717,2.2314999074019015,7
16,8,8,0,0.2699829944719871,0.4022719672761042,370.375,8.802520945729126,8
10,5,5,0,0.3545056852615542,0.4843213638298571,373.6,9.789790600416334,5
4,2,2,0,0.3449861112361153,0.4866385332338609,382.0,11.0,2
4,2,2,0,0.3449861112361153,0.4866385332338609,382.0,11.0,2
4,2,2,0,0.05333522241562605,0.07359501602534295,394.5,0.5,2
6,3,3,0,0.23245679195970298,0.389394603371667,395.0,0.816496580927726,3
14,7,7,0,0.1710835834248708,0.280707904059177,397.0,2.0,7
16,8,8,0,0.16896026947846016,0.26736222230720974,397.5,2.29128784747792,8
20,10,10,0,0.21679239695597635,0.3326357018726461,398.5,2.8722813232690143,10
20,10,10,0,0.19615599120918073,0.28544323941045024,400.5,2.8722813232690143,10
24,12,12,0,0.20652684419537368,0.31934543979745733,402.5,3.452052529534663,12
18,9,9,0,0.2908362549565294,0.40525667993712255,405.0,2.581988897471611,9
16,8,8,0,0.25357417228321233,0.3621287850222166,405.5,2.29128784747792,8
12,6,6,0,0.26182181819934736,0.39911300349958273,406.5,1.707825127659933,6
8,4,4,0,0.21303094058696712,0.358703895610444,407.5,1.118033988749895,4
3,1,1,1,1.1001931042410433,1.0989410211332142,330.0,0.0,1
3,1,1,1,1.1001931042410433,1.0989410211332142,330.0,0.0,1
5,2,2,1,0.8585715731605887,0.9230460890493262,330.5,0.5,2
4,2,2,0,0.4117173890893658,0.5807788988859488,330.5,0.5,2
4,2,2,0,0.4117173890893658,0.5807788988859488,330.5,0.5,2
6,3,3,0,0.0901951415464282,0.1095014567144074,333.0,0.816496580927726,3
8,4,4,0,0.12435662493641887,0.15481572910554542,333.5,1.118033988749895,4
12,6,6,0,0.20566959839991547,0.3321200125179247,334.5,1.707825127659933,6
12,6,6,0,0.20566959839991547,0.3321200125179247,334.5,1.707825127659933,6
12,6,6,0,0.20566959839991547,0.3321200125179247,334.5,1.707825127659933,6
8,4,4,0,0.6490519106654185,1.0938279382181748,336.5,1.118033988749895,4
6,3,3,0,0.6760764084756374,1.2399867336724508,337.0,0.816496580927726,3
4,2,2,0,0.5388470139975349,0.7605839643277968,338.5,0.5,2
6,3,3,0,0.49526620004326105,0.6508031672603449,339.0,0.816496580927726,3
6,3,3,0,0.49526620004326105,0.6508031672603449,339.0,0.816496580927726,3
4,2,2,0,0.2869716389104724,0.40438337592015966,339.5,0.5,2
4,2,2,0,0.2869716389104724,0.40438337592015966,339.5,0.5,2
4,2,2,0,1.498729611126085,2.1181092638890706,340.5,0.5,2
6,3,3,0,0.20330535005778075,0.2571266836913866,342.0,0.816496580927726,3
8,4,4,0,0.27926737495831083,0.35264616745241234,342.5,1.118033988749895,4
10,5,5,0,0.3107171667118867,0.37329347533380003,343.2,1.7204650534085253,5
14,7,7,0,0.2871730769626223,0.35371723359806684,344.42857142857144,2.4411439272335804,7
16,7,7,0,0.3230638944233457,0.42592742542900525,345.2857142857143,2.1189138534559038,7
17,7,7,0,0.21782498172251508,0.37957216199602617,346.14285714285717,1.2453996981544782,7
17,7,7,0,0.2366822708863765,0.4157671828684758,346.42857142857144,0.9035079029052513,7
19,8,8,0,0.22946649070622194,0.3976639624706444,346.75,0.9682458365518543,8
16,6,7,0,0.22408723601450523,0.350790959716758,346.5,0.9574271077563381,6
16,7,8,0,0.3094190000245968,0.4010129576323145,349.42857142857144,6.137871731125953,7
11,5,6,0,0.33083888329565525,0.37613002573429605,351.0,6.6332495807108,5
9,4,5,0,0.31986384897027165,0.3759054315376505,352.25,6.869315832017043,4
5,2,3,0,0.37232285435311496,0.42914258927463095,357.0,7.0,2
4,2,2,0,0.14727029173324505,0.2072595606287704,357.0,7.0,2
4,2,2,0,0.0722825142244498,0.10012636463675957,365.5,0.5,2
4,2,2,0,0.0722825142244498,0.10012636463675957,365.5,0.5,2
6,3,3,0,0.3257976250723004,0.5484626514238342,366.0,0.816496580927726,3
8,4,4,0,0.3705783453104751,0.5349884196504435,366.5,1.118033988749895,4
12,6,6,0,0.39020640157501807,0.5046878755310137,367.5,1.707825127659933,6
8,4,4,0,0.3807279225438833,0.451541792229641,368.5,1.118033988749895,4
14,7,7,0,0.351944368547545,0.47057760152021694,370.0,2.0,7
16,8,8,0,0.3034457917014758,0.4207730519351384,371.5,2.29128784747792,8
16,8,8,0,0.2554803111280004,0.37248130267334895,372.5,2.29128784747792,8
14,7,7,0,0.2692185160345756,0.4549910708725812,374.0,2.0,7
16,8,8,0,0.31489763328184683,0.4925523430747527,374.5,2.29128784747792,8
12,6,6,0,0.3663826779547063,0.5580714798736893,376.5,1.707825127659933,6
12,6,6,0,0.42543166291645984,0.5931894572253325,378.8333333333333,2.1147629234082532,6
10,5,5,0,0.3302015833970573,0.46746814169468764,379.4,1.8547236990991407,5
8,4,4,0,0.24978917863752162,0.3813867317311566,380.0,1.5811388300841898,4
7,3,4,0,0.7619189512915909,1.07333085778997,380.6666666666667,1.247219128924647,3
5,2,3,0,0.8691694375593215,1.2427555948919877,381.5,0.5,2
4,1,2,1,0.4171060975641012,0.5880584867564356,168.0,0.0,1
4,1,2,1,0.4171060975641012,0.5880584867564356,168.0,0.0,1
4,1,2,1,0.4171060975641012,0.5880584867564356,168.0,0.0,1
4,1,2,1,0.4171060975641012,0.5880584867564356,168.0,0.0,1
4,2,2,0,0.051248388985792794,0.07087013818176105,169.5,0.5,2
6,3,3,0,0.33328585848212244,0.5919694386538497,170.33333333333334,1.247219128924647,3
6,3,3,0,0.33328585848212244,0.5919694386538497,170.33333333333334,1.247219128924647,3
12,6,6,0,0.3452915038744157,0.5797090431818944,172.16666666666666,2.1147629234082532,6
10,5,5,0,0.4050921250341667,0.6243516684102669,172.8,1.7204650534085253,5
10,5,5,0,0.48730649064398474,0.791128694904892,174.0,1.4142135623730951,5
12,6,6,0,0.3379162916574966,0.635087392521049,175.5,1.707825127659933,6
12,6,6,0,0.3379162916574966,0.635087392521049,175.5,1.707825127659933,6
6,3,3,0,0.1863307749852538,0.2458943782903147,177.0,0.816496580927726,3
8,4,4,0,0.4816105178158198,0.8279898734850597,177.5,1.118033988749895,4
8,4,4,0,0.6004484643095306,0.8954821877592916,178.5,1.118033988749895,4
8,4,4,0,0.35279093456587624,0.5288101423616698,180.5,1.118033988749895,4
10,5,5,0,0.3843541203273667,0.524557773532351,181.0,1.4142135623730951,5
10,5,5,0,0.3843541203273667,0.524557773532351,181.0,1.4142135623730951,5
8,4,4,0,0.287395988058831,0.40281321713816287,181.5,1.118033988749895,4
6,3,3,0,0.23411720003932715,0.38325038550217194,182.0,0.816496580927726,3
3,1,2,0,0.6627468331716955,0.6611142088659108,184.0,0.0,1
5,1,4,0,0.6754799687769264,0.5527971008420003,184.0,0.0,1
6,1,5,0,0.6635604750365018,0.4950111161212126,184.0,0.0,1
8,2,6,0,0.5344899644010833,0.451070246600101,193.0,7.0,2
8,2,6,0,0.5344899644010833,0.451070246600101,193.0,7.0,2
7,2,5,0,0.43939262504378956,0.4172176501451823,193.0,7.0,2
5,2,3,0,0.4372802604921162,0.49624069249333413,193.0,7.0,2
12,6,6,0,0.42234145841476595,0.9644115374275543,199.33333333333334,6.101001739241042,6
12,6,6,0,0.1286234318024733,0.1721428412171976,203.5,1.707825127659933,6
12,6,6,0,0.1286234318024733,0.1721428412171976,203.5,1.707825127659933,6
14,7,7,0,0.22995639420472658,0.42016733728863254,204.14285714285714,2.2314999074019015,7
14,7,7,0,0.22995639420472658,0.42016733728863254,204.14285714285714,2.2314999074019015,7
6,3,3,0,0.347374708391726,0.6159155565061583,206.33333333333334,1.247219128924647,3
4,2,2,0,0.324111041923364,0.45625045708486656,210.5,0.5,2
8,4,4,0,0.298456529820604,0.42029371376350105,211.5,1.118033988749895,4
10,4,6,0,0.3385855880462461,0.39724230150880196,211.5,1.118033988749895,4
12,5,7,0,0.38493031822144985,0.4500446745501922,212.0,1.4142135623730951,5
11,4,7,0,0.4335496458224952,0.4677498602201557,212.5,1.118033988749895,4
13,5,8,0,0.37701184030932683,0.4360522551353356,214.0,1.4142135623730951,5
15,6,9,0,0.30517636898106765,0.4017275515213264,216.5,1.707825127659933,6
15,7,8,0,0.23671337496489286,0.32989082769588046,217.0,2.0,7
15,7,8,0,0.2680060416460037,0.41702960858387284,218.14285714285714,2.2314999074019015,7
16,8,8,0,0.2663792916884025,0.43601039577964346,220.375,6.263734908183775,8
14,7,7,0,0.35883933334396434,0.5193384945898321,224.14285714285714,7.953949089757174,7
16,8,8,0,0.3266963833322128,0.49005150163494565,234.125,7.7368840627218916,8
14,7,7,0,0.26063622756359667,0.39598258097031885,236.14285714285714,5.986379097073417,7
14,7,7,0,0.26038368905966097,0.3952991675729464,239.0,2.0,7
12,6,6,0,0.20026992794803597,0.3128379346713894,239.5,1.707825127659933,6
12,6,6,0,0.37777470077641984,0.6762637711407605,240.66666666666666,1.9720265943665387,6
6,3,3,0,0.6995790418237448,0.9188572120103223,244.0,1.632993161855452,3
12,6,6,0,0.44655173111029645,0.7044623763051778,246.0,2.3804761428476167,6
12,6,6,0,0.2632793598723682,0.40116425874081446,247.33333333333334,1.9720265943665387,6
12,6,6,0,0.2632793598723682,0.40116425874081446,247.33333333333334,1.9720265943665387,6
11,5,6,0,0.36133495829999446,0.5908164644755002,248.0,1.4142135623730951,5
9,4,5,0,0.33718554163351655,0.617404748825926,248.5,1.118033988749895,4
3,1,2,0,0.9681894583627582,0.9666952081024647,250.0,0.0,1
4,1,2,1,0.6145660557473699,0.8669059203452013,243.0,0.0,1
4,1,2,1,0.6145660557473699,0.8669059203452013,243.0,0.0,1
10,4,5,1,0.39857549996425706,0.6599296864261397,244.5,1.118033988749895,4
8,4,4,0,0.24928932743413107,0.46700578909968726,244.5,1.118033988749895,4
10,5,5,0,0.4754230787770616,0.8395442194639344,245.2,1.7204650534085253,5
8,4,4,0,0.4144008630620582,0.8685800949721266,245.75,1.479019945774904,4
10,5,5,0,0.46460756938904524,0.8284753793409739,246.4,1.8547236990991407,5
8,4,4,0,0.416645297780633,0.5714960846429451,249.5,1.118033988749895,4
8,4,4,0,0.416645297780633,0.5714960846429451,249.5,1.118033988749895,4
12,6,6,0,0.3330031287941066,0.46097138336781696,251.5,1.707825127659933,6
14,7,7,0,0.3369863045473511,0.44673093997906577,252.0,2.0,7
12,6,6,0,0.2770549053834243,0.36333045851919293,252.5,1.707825127659933,6
10,5,5,0,0.3565768380131986,0.5096006483082094,254.0,1.4142135623730951,5
10,5,5,0,0.3565768380131986,0.5096006483082094,254.0,1.4142135623730951,5
10,5,5,0,0.4671145508893662,0.7765023794175108,257.0,1.4142135623730951,5
8,4,4,0,0.3707371608221105,0.7410228736948222,257.5,1.118033988749895,4
10,5,5,0,0.49405875005241895,0.818608377482225,258.0,1.4142135623730951,5
12,6,6,0,0.29260002271356905,0.52748410280806,259.5,1.707825127659933,6
16,8,8,0,0.27236280832439663,0.4744390432598549,260.5,2.29128784747792,8
11,5,6,0,0.2747033542022109,0.33091667820053744,262.0,1.4142135623730951,5
15,7,8,0,0.30247443448752165,0.3539483492137217,265.14285714285717,6.334228364970103,7
13,6,7,0,0.32625195834164816,0.3715172243036562,266.0,6.454972243679028,6
9,4,5,0,0.3271933331852779,0.3932842662178833,268.25,6.869315832017043,4
5,2,3,0,0.3719021352007985,0.39744824950407703,273.0,7.0,2
4,2,2,0,0.1806706249093016,0.253657615560173,273.0,7.0,2
3,1,1,0,0.11167887458577752,0.11067762458696961,281.0,0.0,1
5,2,2,0,0.14271104172803462,0.14813927973354743,281.5,0.5,2
7,3,3,0,0.37516668050860363,0.5978045435151534,284.0,3.559026084010437,3
7,3,3,0,0.37516668050860363,0.5978045435151534,284.0,3.559026084010437,3
9,4,4,0,0.5163400624878705,0.7402776406116262,285.5,4.031128874149275,4
10,5,5,0,0.45491125000019866,0.7171221796521092,288.8,3.5440090293338695,5
12,6,6,0,0.31164938253773883,0.5526689162849446,291.5,1.707825127659933,6
13,6,6,0,0.22327737502443293,0.36221786195513717,292.1666666666667,1.3437096247164249,6
15,7,7,0,0.25218986899458934,0.37845812649171046,293.42857142857144,3.331972511340172,7
13,6,6,0,0.26920010754838586,0.4017317855409238,294.0,3.265986323710904,6
9,4,4,0,0.2675570519641042,0.4253276492229458,295.25,3.344772040064913,4
5,2,2,0,0.21344806253910065,0.36767253995064203,297.0,4.0,2
4,2,2,0,0.5759519164760908,0.8125763369453397,302.5,0.5,2
4,2,2,0,0.5759519164760908,0.8125763369453397,302.5,0.5,2
4,2,2,0,0.5759519164760908,0.8125763369453397,302.5,0.5,2
4,2,2,0,0.5759519164760908,0.8125763369453397,302.5,0.5,2
4,0,4,0,0.22143754176795483,0.1934540991273463,0.0,0.0,0
16,0,16,0,0.11128019721557697,0.1025681328187399,0.0,0.0,0
18,0,18,0,0.11899413727223873,0.10367138039160036,0.0,0.0,0
23,2,20,0,0.15345557580109348,0.1966647294489764,310.5,0.5,2
23,2,20,0,0.15345557580109348,0.1966647294489764,310.5,0.5,2
24,4,18,0,0.19141355796676615,0.33464413146884053,310.5,0.5,4
12,4,6,0,0.30879580305719917,0.455788140596704,310.5,0.5,4
10,4,4,0,0.25789519906457925,0.4729744233612209,310.5,0.5,4
5,2,2,0,0.06917869788594544,0.11781115559432596,310.5,0.5,2
10,4,4,0,0.49432024069958264,1.1564440862874987,310.5,0.5,4
6,2,3,0,0.3028881249949336,0.42276217933372556,310.5,0.5,2
16,2,13,0,0.1840616138651967,0.2777014437317658,310.5,0.5,2
22,2,19,0,0.1554778650669115,0.2390140739168419,310.5,0.5,2
25,3,21,0,0.19740708506045243,0.282860683706901,311.0,0.816496580927726,3
20,1,19,0,0.16964891665664159,0.22435095165228064,312.0,0.0,1
19,1,18,0,0.15126043516728613,0.21611353017321722,312.0,0.0,1
9,1,8,0,0.23623453127220273,0.3034271092615473,312.0,0.0,1
3,1,2,0,0.4590651663020253,0.457778625190258,312.0,0.0,1
4,1,2,1,0.22036147179702917,0.3100290417566894,288.0,0.0,1
4,1,2,1,0.22036147179702917,0.3100290417566894,288.0,0.0,1
10,4,5,1,0.2539201712028848,0.396681285824258,289.5,1.118033988749895,4
12,5,6,1,0.3025455188683488,0.43406963514614005,290.0,1.4142135623730951,5
14,6,7,1,0.32230245508253574,0.4358872184945957,290.6666666666667,1.9720265943665387,6
12,6,6,0,0.34264163266528735,0.497704103219814,291.8333333333333,2.1147629234082532,6
12,6,6,0,0.34264163266528735,0.497704103219814,291.8333333333333,2.1147629234082532,6
10,5,5,0,0.49557205548302996,0.6830994798815231,294.8,1.7204650534085253,5
8,4,4,0,0.5139008571526834,0.7387581375701603,295.5,1.118033988749895,4
8,4,4,0,0.5236188690843326,0.7512997492569515,296.5,1.118033988749895,4
10,5,5,0,0.30759273148659205,0.4757205970748585,298.0,1.4142135623730951,5
12,6,6,0,0.34035247725180606,0.48271052161280825,298.5,1.707825127659933,6
8,4,4,0,0.27882271419678417,0.36076486332599533,299.5,1.118033988749895,4
10,5,5,0,0.45082477304256624,0.6710996904076324,300.0,1.4142135623730951,5
10,5,5,0,0.47210375933597487,0.6790057278252116,301.0,1.4142135623730951,5
6,3,3,0,0.5831607084721326,0.8220741186864583,302.0,0.816496580927726,3
4,2,2,0,0.27010881962875527,0.38001288433611285,302.5,0.5,2
4,2,2,0,0.27010881962875527,0.38001288433611285,302.5,0.5,2
4,2,2,0,0.527214958332479,0.7434744176747122,304.5,0.5,2
8,4,4,0,0.40512115468404125,0.5642135393192463,305.5,1.118033988749895,4
10,5,5,0,0.3838811203216513,0.5198919147072005,306.0,1.4142135623730951,5
14,7,7,0,0.3380247756408957,0.46817815464883855,307.0,2.0,7
14,6,8,0,0.3031295993580268,0.3358792977814497,307.5,1.707825127659933,6
13,5,8,0,0.3417002847418189,0.3607216492675749,308.0,1.4142135623730951,5
9,3,6,0,0.38508346350863576,0.3930358565026188,309.0,0.816496580927726,3
9,3,6,0,0.500310817733407,0.5719019840874002,310.3333333333333,1.247219128924647,3
7,2,5,0,0.7754364791326225,0.7292819789121302,319.0,7.0,2
5,2,3,0,0.8448126770090312,0.8439430118229916,319.0,7.0,2
4,2,2,0,0.5756568886960546,0.81232611846698,319.0,7.0,2
6,3,3,0,0.9256290666759014,1.192042211056449,321.6666666666667,6.847546194724712,3
6,3,3,0,0.6168047916144133,1.1441364596779018,327.0,0.816496580927726,3
8,4,4,0,0.27902570832520723,0.5021414408417055,328.5,1.118033988749895,4
10,5,5,0,0.3316484211633603,0.5145411978466687,329.0,1.4142135623730951,5
12,6,6,0,0.2922445036978884,0.4753603034621812,329.5,1.707825127659933,6
12,6,6,0,0.4149757878516208,0.5905611373226647,330.5,1.707825127659933,6
18,9,9,0,0.2601697647067554,0.41173012302650913,333.0,2.581988897471611,9
14,7,7,0,0.23862409297949994,0.4064270449334878,334.0,2.0,7
16,8,8,0,0.32648402781536184,0.4855543065497966,335.5,2.29128784747792,8
16,8,8,0,0.23979304439077775,0.36395027720822143,336.5,2.29128784747792,8
18,9,9,0,0.2456978406647549,0.3766563511946024,338.0,2.581988897471611,9
10,5,5,0,0.21805073144949144,0.31377237340712016,340.0,1.4142135623730951,5
14,7,7,0,0.3327680320407336,0.5377690077618623,342.14285714285717,4.323641700120445,7
10,5,5,0,0.38231604629092747,0.6148847568457233,343.6,4.317406628984581,5
8,4,4,0,0.36346529171402964,0.6537868320295989,344.5,4.387482193696061,4
4,2,2,0,0.14730601385235786,0.20608776720358316,347.5,4.5,2
4,2,2,0,0.14730601385235786,0.20608776720358316,347.5,4.5,2
4,2,2,0,0.04925773603220781,0.06617426458389009,353.5,0.5,2
6,3,3,0,0.3063892165198922,0.5408996059248881,354.3333333333333,1.247219128924647,3
6,3,3,0,0.3063892165198922,0.5408996059248881,354.3333333333333,1.247219128924647,3
6,3,3,0,0.3063892165198922,0.5408996059248881,354.3333333333333,1.247219128924647,3
4,2,2,0,0.4625400553146998,0.6506406023801607,355.0,1.0,2
4,2,2,0,1.304198388941586,1.8425246629841057,356.5,0.5,2
6,3,3,0,0.2469593333080411,0.3961813101625189,358.0,0.816496580927726,3
6,3,3,0,0.2469593333080411,0.3961813101625189,358.0,0.816496580927726,3
8,4,4,0,0.4222482381654637,0.6323213173917106,358.75,1.479019945774904,4
10,5,5,0,0.4740409490962823,0.6445580483878253,359.4,1.8547236990991407,5
9,4,5,0,0.5688277083681896,0.6926863441420578,360.0,1.5811388300841898,4
5,2,3,0,0.6551068956032395,0.6538606324629557,361.5,0.5,2
9,4,5,0,0.5511789894662797,0.5976458680983241,362.5,1.118033988749895,4
7,3,4,0,0.5164448055438697,0.5734220105436992,363.0,0.816496580927726,3
5,2,3,0,0.44725108332931995,0.5150004090067472,363.5,0.5,2
4,2,2,0,0.17702695851524672,0.2480918872313816,363.5,0.5,2
4,2,2,0,0.17702695851524672,0.2480918872313816,363.5,0.5,2
4,2,2,0,0.16960390315701565,0.23788691517334287,365.5,0.5,2
8,4,4,0,0.19661175007266657,0.26239393057793775,366.5,1.118033988749895,4
8,4,4,0,0.19661175007266657,0.26239393057793775,366.5,1.118033988749895,4
10,5,5,0,0.4188530972848336,0.7369502424124968,367.8,2.7856776554368237,5
10,5,5,0,0.4188530972848336,0.7369502424124968,367.8,2.7856776554368237,5
6,3,3,0,0.5161798417568206,0.9398055095316707,369.3333333333333,2.6246692913372702,3
3,1,2,0,1.0616691457107663,1.0587224792689085,373.0,0.0,1
7,3,4,0,0.6503650555387139,0.7906473616214742,381.6666666666667,10.873004286866726,3
5,2,3,0,0.44471301045268774,0.5003598111955538,386.0,11.0,2
13,6,7,0,0.3228051979094744,0.4316788286846773,395.0,9.03696114115064,6
21,10,11,0,0.24259197497740387,0.35863285883348706,398.4,8.175573374387877,10
22,11,11,0,0.21034091271992242,0.3046650368186658,399.09090909090907,8.095504313052068,11
26,13,13,0,0.15703170999884605,0.20322723001687948,404.0,3.7416573867739413,13
26,13,13,0,0.15703170999884605,0.20322723001687948,404.0,3.7416573867739413,13
22,11,11,0,0.2171152579110293,0.29561814353750787,407.1818181818182,3.432946834272583,11
15,7,8,0,0.2796750208362937,0.36317814761819245,409.2857142857143,2.3733211036908783,7
15,7,8,0,0.3303156785799989,0.4177062679868745,410.42857142857144,2.4411439272335804,7
7,3,4,0,0.4480115833381812,0.46833222345625247,413.0,0.816496580927726,3
8,3,5,0,0.7119879642767566,0.7785259584890295,413.0,0.816496580927726,3
4,1,3,0,1.1257714862003922,0.9372313479512108,414.0,0.0,1
3,1,2,0,1.148661875165999,1.14718437474221,414.0,0.0,1
3,1,2,0,1.023668687324971,1.0225252718664706,415.0,0.0,1
3,1,2,0,1.023668687324971,1.0225252718664706,415.0,0.0,1
5,2,2,0,0.5734648955985904,0.9913819731801649,414.5,0.5,2
5,2,2,0,0.5734648955985904,0.9913819731801649,414.5,0.5,2
5,2,2,0,0.5734648955985904,0.9913819731801649,414.5,0.5,2
3,1,1,0,0.0010636663064360619,0.00013195816427469254,414.0,0.0,1
3,1,1,0,0.0010636663064360619,0.00013195816427469254,414.0,0.0,1
4,1,2,1,0.7934595833842953,1.12021842278419,214.0,0.0,1
4,1,2,1,0.7934595833842953,1.12021842278419,214.0,0.0,1
4,1,2,1,0.7934595833842953,1.12021842278419,214.0,0.0,1
6,3,3,0,0.07970940005034208,0.0966039661884356,216.0,0.816496580927726,3
8,4,4,0,0.22534535120108298,0.3981897467625245,216.75,1.479019945774904,4
8,4,4,0,0.22534535120108298,0.3981897467625245,216.75,1.479019945774904,4
12,6,6,0,0.35160081435672264,0.5502142781530668,218.0,2.160246899469287,6
14,7,7,0,0.33812040061904836,0.5174433043840377,218.57142857142858,2.4411439272335804,7
12,6,6,0,0.37412026135081594,0.5133892451947631,221.5,1.707825127659933,6
12,6,6,0,0.24826398110863837,0.29941673349637266,222.5,1.707825127659933,6
18,9,9,0,0.2709289092899245,0.3302457015655949,224.0,2.581988897471611,9
14,7,7,0,0.267979615367949,0.3439436886267305,225.0,2.0,7
15,7,7,0,0.28335340480719295,0.41523923409305424,225.71428571428572,1.665986255670086,7
11,5,5,0,0.3231477583758533,0.4710276095387818,226.6,1.019803902718557,5
15,7,7,0,0.34420880948060323,0.615769120788198,227.85714285714286,1.2453996981544782,7
11,5,5,0,0.358770199958235,0.6636825388555297,229.0,1.4142135623730951,5
13,6,6,0,0.33119554856481653,0.6140332597086362,229.5,1.707825127659933,6
10,5,5,0,0.2035453888691134,0.31598621367664076,230.0,1.4142135623730951,5
12,6,6,0,0.36768281061879615,0.6527551576432168,230.5,1.707825127659933,6
10,5,5,0,0.385867356426186,0.6824813149550112,233.0,1.4142135623730951,5
11,5,6,0,0.4758085457608104,0.672008047234929,234.2,1.7204650534085253,5
11,5,6,0,0.29834021665155885,0.3435264365264204,238.0,6.6332495807108,5
11,5,6,0,0.29834021665155885,0.3435264365264204,238.0,6.6332495807108,5
9,4,5,0,0.29047859366983175,0.34605505358309746,239.25,6.869315832017043,4
5,2,3,0,0.3202057499438524,0.3491276002719456,244.0,7.0,2
4,2,2,0,0.40643397253006697,0.5728235106957527,252.5,0.5,2
6,3,3,0,0.2993643168359995,0.470768691103754,253.0,0.816496580927726,3
6,3,3,0,0.2993643168359995,0.470768691103754,253.0,0.816496580927726,3
6,3,3,0,0.2993643168359995,0.470768691103754,253.0,0.816496580927726,3
4,2,2,0,0.09304413882394631,0.1294806213914009,253.5,0.5,2
3,1,1,0,0.002099896315485239,3.260420635342598e-05,253.0,0.0,1
9,3,3,0,0.08921585942152888,0.1676365404128702,252.0,0.816496580927726,3
11,4,4,0,0.20440922500565648,0.40452143949293456,252.0,0.7071067811865476,4
13,5,5,0,0.18341597922456762,0.37359171251807255,252.2,0.7483314773547883,5
15,6,6,0,0.2866303780382233,0.5480985905135229,252.66666666666666,1.247219128924647,6
12,5,5,0,0.3453893901949579,0.6030152582770967,252.6,1.3564659966250536,5
12,6,6,0,0.3372953220016577,0.5815571316866232,255.16666666666666,2.1147629234082532,6
12,6,6,0,0.44197535226968204,0.6402697331724917,256.3333333333333,1.9720265943665387,6
10,5,5,0,0.3389413750006093,0.5106436860470372,257.0,1.4142135623730951,5
8,4,4,0,0.2603689344333751,0.4475474594855584,257.5,1.118033988749895,4
8,4,4,0,0.2603689344333751,0.4475474594855584,257.5,1.118033988749895,4
5,2,2,0,0.768883291631937,1.328671286270725,258.5,0.5,2
3,1,1,0,0.0021158335730433464,0.0005603758618235588,258.0,0.0,1
3,1,1,0,0.0021158335730433464,0.0005603758618235588,258.0,0.0,1
3,1,1,0,0.0021158335730433464,0.0005603758618235588,258.0,0.0,1
3,1,1,0,0.0021158335730433464,0.0005603758618235588,258.0,0.0,1
15,5,5,0,0.06478396723312992,0.10244083829948204,255.0,1.4142135623730951,5
21,7,7,0,0.08696093959733844,0.14673835642609723,254.0,2.0,7
25,9,9,0,0.11275765101891011,0.198588561270712,253.66666666666666,1.8856180831641267,9
27,10,10,0,0.1228175127807145,0.2052313897274891,253.7,1.7916472867168916,10
27,10,10,0,0.1228175127807145,0.2052313897274891,253.7,1.7916472867168916,10
12,5,5,0,0.18219917047430167,0.2758284025393888,252.4,1.019803902718557,5
6,3,3,0,0.13037113323807717,0.188117708963342,253.0,0.816496580927726,3
4,2,2,0,1.461082444836696,2.064368511807573,254.5,0.5,2
3,0,3,0,0.22122614551335573,0.019646604545414448,0.0,0.0,0
5,0,5,0,0.2782387393526733,0.06529380043683829,0.0,0.0,0
5,0,5,0,0.2782387393526733,0.06529380043683829,0.0,0.0,0
9,2,7,0,0.42574660934042186,0.6458797855121065,257.5,0.5,2
9,2,7,0,0.42574660934042186,0.6458797855121065,257.5,0.5,2
8,3,5,0,0.5665516192093492,0.7590707777802266,258.0,0.816496580927726,3
10,3,7,0,0.355214504732026,0.470013511671356,258.0,0.816496580927726,3
11,3,8,0,0.3626102459616959,0.44644563379352487,258.0,0.816496580927726,3
10,2,8,0,0.4171665555073155,0.3924690925269886,259.5,0.5,2
10,2,8,0,0.4171665555073155,0.3924690925269886,259.5,0.5,2
10,2,8,0,0.42386045834670466,0.40527153262031,260.5,0.5,2
10,4,6,0,0.5045527406036854,0.47493965943899535,261.5,1.118033988749895,4
9,4,5,0,0.4454186821822077,0.4714786403783101,261.5,1.118033988749895,4
6,3,3,0,0.3457043915987015,0.43074493556312876,262.0,0.816496580927726,3
6,3,3,0,0.3457043915987015,0.43074493556312876,262.0,0.816496580927726,3
8,4,4,0,0.6440708690455982,1.220708169067445,263.5,1.118033988749895,4
4,2,2,0,0.06849511091907819,0.09281194066070075,264.5,0.5,2
6,3,3,0,0.4679175915196538,0.8360523563023432,265.0,0.816496580927726,3
6,3,3,0,0.4679175915196538,0.8360523563023432,265.0,0.816496580927726,3
6,3,3,0,0.4679175915196538,0.8360523563023432,265.0,0.816496580927726,3
4,2,2,0,0.20175026388218006,0.28333900489131636,279.0,11.0,2
6,3,3,0,0.4270258914679289,0.5978618293187873,283.0,10.614455552060438,3
14,7,7,0,0.24479089419429118,0.4111635939776873,289.0,8.717797887081348,7
16,8,8,0,0.2758566277722518,0.42753111337111904,289.875,8.476990916592987,8
15,7,8,0,0.3170419642701745,0.45754069531237007,293.0,2.0,7
19,9,10,0,0.2262875647801492,0.30180790657124046,295.0,2.581988897471611,9
23,11,12,0,0.20772444321350617,0.2862044394029187,297.0,3.1622776601683795,11
15,7,8,0,0.20701694348827004,0.27702964464757757,299.0,2.0,7
15,7,8,0,0.23291846431259597,0.34930848189166713,300.14285714285717,2.2314999074019015,7
19,9,9,0,0.2542607129758431,0.39589796512186837,300.77777777777777,2.3465235646603193,9
15,7,7,0,0.30897150301773635,0.43462656924861903,305.57142857142856,8.449127475783568,7
9,4,4,0,0.2941510990494862,0.41765192950864616,309.0,9.848857801796104,4
9,4,4,0,0.2941510990494862,0.41765192950864616,309.0,9.848857801796104,4
7,3,3,0,0.21325031947344542,0.3327564110891267,310.6666666666667,10.873004286866726,3
6,3,3,0,0.07568399999290705,0.09255074102058534,328.0,0.816496580927726,3
10,5,5,0,0.09745263887776269,0.11224457449258692,329.0,1.4142135623730951,5
12,6,6,0,0.2072677272795276,0.3914651161125213,329.5,1.707825127659933,6
12,6,6,0,0.2072677272795276,0.3914651161125213,329.5,1.707825127659933,6
14,7,7,0,0.3144483140741403,0.5641006973884938,330.14285714285717,2.2314999074019015,7
8,4,4,0,0.4878792917089803,0.7169278300535454,331.75,1.479019945774904,4
10,5,5,0,0.4330280139628384,0.7175732899883928,334.8,1.7204650534085253,5
8,4,4,0,0.2982197857594916,0.5898410017481407,335.5,1.118033988749895,4
8,4,4,0,0.2982197857594916,0.5898410017481407,335.5,1.118033988749895,4
6,3,3,0,0.07193991672247649,0.10098041243121553,336.0,0.816496580927726,3
6,3,3,0,0.07193991672247649,0.10098041243121553,336.0,0.816496580927726,3
5,2,2,0,0.5044292812235653,0.8712894855212185,337.5,0.5,2
7,2,4,0,0.5835073680306474,0.7402259549459227,337.5,0.5,2
7,2,4,0,0.5835073680306474,0.7402259549459227,337.5,0.5,2
5,1,3,0,0.3715163543820381,0.42544742545904374,337.0,0.0,1
5,1,3,0,0.3715163543820381,0.42544742545904374,337.0,0.0,1
3,0,3,0,2.0316461040638387,1.5866180206649005,0.0,0.0,0
3,1,2,0,1.168198271188885,1.1667518955655396,338.0,0.0,1
3,1,2,0,1.168198271188885,1.1667518955655396,338.0,0.0,1
4,1,3,0,1.2662059028322499,0.9626790650356273,338.0,0.0,1
5,2,3,0,0.8197568645700812,0.8275849563035501,344.5,6.5,2
5,2,3,0,0.8197568645700812,0.8275849563035501,344.5,6.5,2
3,1,2,0,0.907679958269,0.9060171255841851,351.0,0.0,1
3,1,2,0,0.907679958269,0.9060171255841851,351.0,0.0,1
3,0,3,0,1.7319872919470072,1.4449105001986027,0.0,0.0,0
5,1,3,0,0.41605844791047275,0.5651765966483788,338.0,0.0,1
9,3,5,0,0.2832006822573021,0.43444972820516364,339.0,0.816496580927726,3
10,3,6,0,0.42705011109097135,0.5773352501273002,339.0,0.816496580927726,3
14,3,10,0,0.3751057692301961,0.49675367493929196,339.0,0.816496580927726,3
16,3,12,0,0.26092428335299095,0.38354946650974014,339.0,0.816496580927726,3
16,3,12,0,0.30794153617074094,0.4215098386365015,339.3333333333333,0.4714045207910317,3
14,2,11,0,0.2576450224106128,0.2829010532767992,339.5,0.5,2
13,2,10,0,0.24880323954857886,0.2927219166596247,339.5,0.5,2
10,2,7,0,0.44152066194348866,0.5558216542770857,339.5,0.5,2
6,2,3,0,0.47933156657963993,0.6788854328295094,339.5,0.5,2
3,1,2,0,0.8714961037039757,0.870517854578793,340.0,0.0,1
3,1,2,0,2.1663281661458313,2.164931916166097,341.0,0.0,1
5,2,2,0,0.22824015631340444,0.39248321366902567,340.5,0.5,2
10,4,4,0,0.24821671760744518,0.3653369535999385,343.0,5.244044240850758,4
10,4,4,0,0.24821671760744518,0.3653369535999385,343.0,5.244044240850758,4
14,6,6,0,0.28553958659848344,0.42449216209456264,346.5,6.551081335677848,6
16,7,7,0,0.2681738999982675,0.40960220050002477,349.85714285714283,6.663945022680343,7
17,8,8,0,0.2858915989054367,0.41473916191296184,353.0,5.612486080160912,8
18,9,9,0,0.2070554117398227,0.30074442578977667,357.0,2.581988897471611,9
18,9,9,0,0.2070554117398227,0.30074442578977667,357.0,2.581988897471611,9
14,7,7,0,0.17905937815801456,0.254972507089783,358.0,2.0,7
12,6,6,0,0.33282321970909834,0.6721627374634701,359.5,1.707825127659933,6
8,4,4,0,0.3961526547957744,0.81127174020996,360.5,1.118033988749895,4
4,2,2,0,1.236730375016729,1.7471015239735277,362.5,0.5,2
4,2,2,0,1.236730375016729,1.7471015239735277,362.5,0.5,2
4,2,2,0,0.416208249827226,0.5856662763261381,363.5,0.5,2
4,2,2,0,0.416208249827226,0.5856662763261381,363.5,0.5,2
4,2,2,0,0.416208249827226,0.5856662763261381,363.5,0.5,2
4,1,2,1,0.42797823653866846,0.6020278767893763,236.0,0.0,1
4,1,2,1,0.42797823653866846,0.6020278767893763,236.0,0.0,1
8,3,4,1,0.5780805715226701,0.7720966401794792,237.0,0.816496580927726,3
8,4,4,0,0.4130079464188644,0.7267569523431239,237.5,1.118033988749895,4
10,5,5,0,0.5284987778092424,0.8064187076701135,238.2,1.7204650534085253,5
8,4,4,0,0.3778745952461447,0.645406354957893,238.75,1.479019945774904,4
13,7,6,0,0.3892488194008668,0.5628029090705213,240.57142857142858,2.4411439272335804,7
10,5,5,0,0.4325926111390193,0.6231538198629963,241.8,1.7204650534085253,5
14,7,7,0,0.2924111955440961,0.42358534836999123,244.0,2.0,7
14,7,7,0,0.29959418911200303,0.43707978188062585,245.0,2.0,7
18,9,9,0,0.28178676223272786,0.39908877455979574,246.0,2.581988897471611,9
13,6,7,0,0.31836177424217266,0.43348135930929055,247.5,1.707825127659933,6
14,7,7,0,0.34494542309011406,0.5576869613970339,248.0,2.0,7
10,5,5,0,0.36866056484480697,0.5915013419847042,250.0,1.4142135623730951,5
10,5,5,0,0.48525580546508235,0.7011962596882926,251.0,1.4142135623730951,5
8,4,4,0,0.4630821786288704,0.607588796378947,252.5,1.118033988749895,4
10,5,5,0,0.4708320370150937,0.5848949380019216,253.0,1.4142135623730951,5
10,5,5,0,0.46264656943579513,0.5851538139322678,254.0,1.4142135623730951,5
10,5,5,0,0.42146913883172804,0.5154796664644276,255.0,1.4142135623730951,5
10,5,5,0,0.34043245835022795,0.4402028482339848,256.0,1.4142135623730951,5
10,5,5,0,0.3395009444405635,0.4387307004783532,257.0,1.4142135623730951,5
13,6,6,0,0.3370454583006601,0.45367424923925787,257.8333333333333,1.0671873729054746,6
13,6,6,0,0.3654521979236354,0.5129067925105834,258.5,0.9574271077563381,6
13,6,6,0,0.3422853819405039,0.5143831081221942,259.1666666666667,1.0671873729054748,6
13,5,7,0,0.4063127013699462,0.5388517247399827,259.4,1.019803902718557,5
11,4,6,0,0.3815648082643747,0.5374367434087752,259.5,1.118033988749895,4
7,2,5,0,0.5506204096600413,0.567492339431446,260.5,0.5,2
7,2,5,0,0.7424935763701797,0.6039453448918753,262.0,1.0,2
7,2,5,0,0.6166369304992259,0.5567096770177494,270.0,7.0,2
5,2,3,0,0.4636722393333912,0.5449005963478203,270.0,7.0,2
5,2,3,0,0.4636722393333912,0.5449005963478203,270.0,7.0,2
4,2,2,0,0.1737856942539414,0.24444231179267484,270.0,7.0,2
6,3,3,0,0.8222811833024025,1.5343818588227762,278.0,0.816496580927726,3
4,2,2,0,0.07453036122024059,0.10376687106557284,278.5,0.5,2
4,2,2,0,0.07453036122024059,0.10376687106557284,278.5,0.5,2
6,3,3,0,0.6428966250270605,1.176224506202956,279.3333333333333,1.247219128924647,3
6,3,3,0,0.6428966250270605,1.176224506202956,279.3333333333333,1.247219128924647,3
6,3,3,0,0.10715899150818586,0.13587257904147007,283.0,0.816496580927726,3
6,3,3,0,0.10715899150818586,0.13587257904147007,283.0,0.816496580927726,3
6,3,3,0,0.10715899150818586,0.13587257904147007,283.0,0.816496580927726,3
8,4,4,0,0.5281988035089203,1.0812823325147207,283.75,1.479019945774904,4
8,4,4,0,0.5281988035089203,1.0812823325147207,283.75,1.479019945774904,4
4,2,2,0,0.46766284729043645,0.659945062349167,286.5,0.5,2
5,2,3,0,0.6550629478879273,0.6572685958579899,286.5,0.5,2
7,3,4,0,0.5759378819105526,0.5985293974837876,287.0,0.816496580927726,3
9,4,5,0,0.43857100000604987,0.475694256406573,288.5,1.118033988749895,4
9,4,5,0,0.43857100000604987,0.475694256406573,288.5,1.118033988749895,4
7,3,4,0,0.38176477793604136,0.40678413095148863,289.0,0.816496580927726,3
6,3,3,0,0.2913591168820858,0.38668966074765077,289.0,0.816496580927726,3
4,2,2,0,0.16240409730623165,0.2279924498506213,289.5,0.5,2
4,2,2,0,1.0244674722974498,1.447075531638239,291.5,0.5,2
4,2,2,0,1.0244674722974498,1.447075531638239,291.5,0.5,2
4,2,2,0,0.0730718191092213,0.10164056345231018,293.5,0.5,2
6,3,3,0,0.2772827915847301,0.4523090566705246,294.0,0.816496580927726,3
12,6,6,0,0.24790026890960606,0.36511339061749976,295.5,1.707825127659933,6
12,6,6,0,0.24790026890960606,0.36511339061749976,295.5,1.707825127659933,6
12,6,6,0,0.24790026890960606,0.36511339061749976,295.5,1.707825127659933,6
12,6,6,0,0.38515821598808875,0.6945386909315845,297.8333333333333,2.1147629234082532,6
10,5,5,0,0.38792510651465917,0.7475375337692661,298.4,1.8547236990991407,5
5,2,3,0,0.5837754895910621,0.7757413211193398,300.5,0.5,2
7,3,4,0,0.5507930068609616,0.6937661032413183,301.0,0.816496580927726,3
13,6,7,0,0.35846969089470804,0.5523383205762773,302.5,1.707825127659933,6
9,4,5,0,0.24581679154653102,0.3444664058001781,303.5,1.118033988749895,4
11,5,6,0,0.34544538324698804,0.4950483854478285,304.0,1.4142135623730951,5
10,5,5,0,0.2762263517619835,0.47369872640389304,304.0,1.4142135623730951,5
12,6,6,0,0.4089654318310998,0.6725850472780464,305.5,1.707825127659933,6
9,4,4,0,0.4631189426872879,0.6967237643518119,307.0,0.7071067811865476,4
15,7,7,0,0.3274871935136616,0.5615912646039185,307.85714285714283,1.2453996981544782,7
15,7,7,0,0.23599916071231877,0.33422945120005026,308.57142857142856,1.3997084244475304,7
19,9,9,0,0.22495296525044572,0.31245553829629263,309.44444444444446,2.0608041101101566,9
15,7,7,0,0.17021348813016499,0.23990360277599662,310.0,2.0,7
16,8,8,0,0.3153003194058935,0.5231800017612825,311.75,2.6339134382131846,8
11,5,6,0,0.4235416417010128,0.6195776730483085,313.4,1.8547236990991407,5
11,5,6,0,0.44744155844673517,0.6276150802443156,314.6,1.8547236990991407,5
7,3,4,0,0.36900095843399566,0.3886099241634202,316.0,0.816496580927726,3
11,5,6,0,0.3969234708696604,0.5046613474709175,317.0,1.4142135623730951,5
11,5,6,0,0.39097656672820447,0.5255996583469583,319.0,1.4142135623730951,5
10,5,5,0,0.34934171765214866,0.5381592648775245,319.0,1.4142135623730951,5
10,5,5,0,0.32973123610847527,0.49629940916711546,320.0,1.4142135623730951,5
10,5,5,0,0.32973123610847527,0.49629940916711546,320.0,1.4142135623730951,5
6,3,3,0,0.32739985827356577,0.5257512418366211,321.0,0.816496580927726,3
4,2,2,0,0.08361215268572171,0.11687681618528308,323.5,0.5,2
4,2,2,0,0.08361215268572171,0.11687681618528308,323.5,0.5,2
4,2,2,0,0.08361215268572171,0.11687681618528308,323.5,0.5,2
11,2,9,0,0.356457291636616,0.6933590536470552,323.5,0.5,2
18,2,16,0,0.24416781857828884,0.5484614408775549,323.5,0.5,2
15,0,15,0,0.153903791614409,0.17388499333290383,0.0,0.0,0
21,2,17,0,0.1784043041523546,0.28334917779031266,322.5,0.5,2
21,2,17,0,0.1784043041523546,0.28334917779031266,322.5,0.5,2
14,2,10,0,0.19724897753733855,0.33332835401368527,322.5,0.5,2
7,2,3,0,0.23557216674089432,0.4386377434203132,322.5,0.5,2
6,2,2,0,0.042303241603076455,0.08225824821786995,322.5,0.5,2
3,2,1,0,0.13288270821794868,0.1315153338946402,323.5,0.5,2
4,2,2,0,0.08899049988637368,0.12403188005800725,323.5,0.5,2
4,2,2,0,0.08899049988637368,0.12403188005800725,323.5,0.5,2
7,2,5,0,0.5423306666004161,0.8495858071787826,323.5,0.5,2
10,2,8,0,0.42679759715166354,0.7180433470826971,323.5,0.5,2
13,0,13,0,0.37435977774051327,0.6334085787732596,0.0,0.0,0
15,0,15,0,0.2533046488117959,0.24619980516432385,0.0,0.0,0
17,0,17,0,0.27991397655569017,0.2411451678131682,0.0,0.0,0
15,0,15,0,0.33635314281231593,0.2860449078301985,0.0,0.0,0
12,0,12,0,0.33692519688470796,0.30928199003812734,0.0,0.0,0
8,1,7,0,0.541592452542058,0.435929131671425,326.0,0.0,1
7,2,5,0,0.6592585416510701,0.5356911724362098,337.0,11.0,2
5,2,3,0,0.637790885521099,0.6394927363171039,337.0,11.0,2
4,2,2,0,0.39433495824535686,0.5551439383622506,337.0,11.0,2
4,2,2,0,0.39433495824535686,0.5551439383622506,337.0,11.0,2
4,2,2,0,1.2757758333658178,1.8020629645737232,348.5,0.5,2
8,4,4,0,0.24672876205295324,0.4317376468455166,350.5,1.118033988749895,4
12,6,6,0,0.25134940911084414,0.3884274736174459,351.5,1.707825127659933,6
14,7,7,0,0.2850714840281468,0.4096219655788271,352.0,2.0,7
16,8,8,0,0.26090593890597424,0.3880956627320869,352.5,2.29128784747792,8
16,8,8,0,0.25775467784454426,0.3800353615878185,353.5,2.29128784747792,8
10,5,5,0,0.2984863982225458,0.43742512319704285,355.0,1.4142135623730951,5
6,3,3,0,0.28722887504845857,0.4761331164376287,356.0,0.816496580927726,3
4,2,2,0,0.40945411132027704,0.5774749712319863,356.5,0.5,2
3,0,3,0,1.7870118129067123,1.3251720205880702,0.0,0.0,0
4,0,4,0,1.2977321110665798,1.284332450224052,0.0,0.0,0
7,2,4,0,0.4858388888339202,0.6842489956581461,356.5,0.5,2
11,4,6,0,0.3820617875084281,0.5724729377071259,357.5,1.118033988749895,4
10,4,5,0,0.3890494630775518,0.6030347474033988,357.5,1.118033988749895,4
13,6,6,0,0.29624344447317225,0.4723588448350155,358.5,1.707825127659933,6
19,9,9,0,0.25728035878597033,0.40775891523907964,360.0,2.581988897471611,9
14,7,7,0,0.2516311601950572,0.4336781637879976,361.0,2.0,7
10,5,5,0,0.15747516664365926,0.19588085625176965,362.0,1.4142135623730951,5
10,5,5,0,0.15747516664365926,0.19588085625176965,362.0,1.4142135623730951,5
6,3,3,0,0.13652809988707304,0.20281165984891017,363.0,0.816496580927726,3
3,0,2,1,0.48512568743899465,0.4754441878758371,0.0,0.0,0
3,0,2,1,0.48512568743899465,0.4754441878758371,0.0,0.0,0
5,1,3,1,0.6093065312597901,0.6296474969291961,319.0,0.0,1
5,1,3,1,0.6093065312597901,0.6296474969291961,319.0,0.0,1
3,1,2,0,0.7334873750805855,0.7321359170600772,319.0,0.0,1
4,2,2,0,0.0505172914514939,0.0701462970194713,320.5,0.5,2
10,5,5,0,0.130413884193533,0.197257427259294,322.0,1.4142135623730951,5
10,5,5,0,0.130413884193533,0.197257427259294,322.0,1.4142135623730951,5
12,6,6,0,0.23680795822292566,0.41900768815125805,322.6666666666667,1.9720265943665387,6
12,6,6,0,0.23680795822292566,0.41900768815125805,322.6666666666667,1.9720265943665387,6
8,4,4,0,0.2611468749653016,0.48657536743088003,323.75,1.479019945774904,4
10,5,5,0,0.43031843058351016,0.8952108353917635,328.0,1.4142135623730951,5
10,5,5,0,0.43031843058351016,0.8952108353917635,328.0,1.4142135623730951,5
8,4,4,0,0.13451222011021205,0.15449287961516653,328.5,1.118033988749895,4
14,7,7,0,0.2927676954378302,0.5560894597770241,330.0,2.0,7
15,7,8,0,0.34174818445795346,0.5642121818469351,330.0,2.0,7
7,3,4,0,0.2840480972081423,0.3512686407570944,332.0,0.816496580927726,3
8,3,5,0,0.46775686900530544,0.5552081060229772,332.0,0.816496580927726,3
8,3,5,0,0.46775686900530544,0.5552081060229772,332.0,0.816496580927726,3
3,0,3,0,1.7261355835944414,0.1561260838061571,0.0,0.0,0
6,2,4,0,0.6809419751167297,0.7118665764773382,342.0,7.0,2
6,2,4,0,0.6809419751167297,0.7118665764773382,342.0,7.0,2
5,2,3,0,0.38061205204576254,0.427144255401957,342.0,7.0,2
5,2,3,0,0.38061205204576254,0.427144255401957,342.0,7.0,2
4,2,2,0,0.1617629307632645,0.22735405945947734,342.0,7.0,2
10,5,5,0,0.08976842131879595,0.10617382784192844,352.0,1.4142135623730951,5
10,5,5,0,0.08976842131879595,0.10617382784192844,352.0,1.4142135623730951,5
12,6,6,0,0.2277689924971624,0.47469843406641693,352.8333333333333,2.266911751455907,6
14,7,7,0,0.28569045190054637,0.5148939317883825,353.57142857142856,2.770102775666474,7
14,7,7,0,0.3485007339801926,0.5421608761234517,354.85714285714283,2.899683304312063,7
8,4,4,0,0.3825576844226037,0.4789125189849597,358.5,1.118033988749895,4
10,5,5,0,0.49541827311946285,0.6314726570352212,359.0,1.4142135623730951,5
10,5,5,0,0.37752311107599074,0.5848518123523321,360.0,1.4142135623730951,5
8,4,4,0,0.34881398800228325,0.6091427350667065,360.5,1.118033988749895,4
6,3,3,0,0.38600332494825124,0.6991991331227868,361.0,0.816496580927726,3
6,3,3,0,0.6393338833004236,1.2045993704269893,363.6666666666667,3.0912061651652345,3
4,2,2,0,1.0162623751287658,1.4351656378470017,365.0,3.0,2
6,3,3,0,0.47044330816715957,0.8385521458726571,370.0,0.816496580927726,3
6,3,3,0,0.47044330816715957,0.8385521458726571,370.0,0.816496580927726,3
6,3,3,0,0.47044330816715957,0.8385521458726571,370.0,0.816496580927726,3
4,2,2,0,0.07047918035338323,0.09774554939672873,370.5,0.5,2
6,3,3,0,0.6768386581912637,1.2500656328821926,371.0,0.816496580927726,3
6,3,3,0,0.3545168749988079,0.4467337485999771,373.0,0.816496580927726,3
8,4,4,0,0.315831678653402,0.39978270607268945,373.5,1.118033988749895,4
8,4,4,0,0.315831678653402,0.39978270607268945,373.5,1.118033988749895,4
10,5,5,0,0.45844388887700105,0.631358195438866,374.2,1.7204650534085253,5
14,7,7,0,0.36691350325082356,0.5712768202551912,376.57142857142856,2.4411439272335804,7
10,5,5,0,0.40403054168240893,0.6550450429563246,377.8,1.7204650534085253,5
8,4,4,0,0.2458800178553377,0.42184946083321984,378.5,1.118033988749895,4
8,4,4,0,0.2458800178553377,0.42184946083321984,378.5,1.118033988749895,4
8,4,4,0,0.5607001667043993,1.1836125396385464,379.5,1.118033988749895,4
5,2,2,0,0.37484073964878917,0.647473761129983,380.5,0.5,2
5,2,2,0,0.37484073964878917,0.647473761129983,380.5,0.5,2
7,3,3,0,0.46297509719928104,0.6562869760297456,380.6666666666667,0.4714045207910317,3
11,5,5,0,0.41788578750565647,0.606683996935396,381.4,1.019803902718557,5
10,4,5,0,0.4474566435027454,0.5961240366361601,381.5,1.118033988749895,4
9,4,5,0,0.46642845834139735,0.5693123735214523,382.5,1.118033988749895,4
11,5,6,0,0.41933735832571983,0.5279045908220833,384.6,4.317406628984581,5
13,6,7,0,0.364805541622142,0.5081953115755785,388.5,5.560275772537426,6
13,6,7,0,0.2922914340160787,0.41191741668700677,393.1666666666667,4.29793231940921,6
16,8,8,0,0.24990195836871862,0.37378588757908876,394.5,4.387482193696061,8
20,10,10,0,0.22580821493542508,0.34665633988708006,397.5,2.8722813232690143,10
18,9,9,0,0.17639603925978437,0.24958638981876216,398.0,2.581988897471611,9
16,8,8,0,0.31742496384928626,0.5717954285294234,399.5,2.29128784747792,8
16,8,8,0,0.28880471947292485,0.555778818372104,401.5,2.29128784747792,8
14,7,7,0,0.3581012147120558,0.633242699885834,403.0,2.0,7
8,4,4,0,0.2828671189823321,0.42081367475301884,404.5,1.118033988749895,4
8,4,4,0,0.2828671189823321,0.42081367475301884,404.5,1.118033988749895,4
6,3,3,0,0.27342841662466527,0.4589046033160838,405.0,0.816496580927726,3
4,1,2,1,0.5936097915594777,0.8373396154082646,205.0,0.0,1
4,1,2,1,0.5936097915594777,0.8373396154082646,205.0,0.0,1
6,2,3,1,0.8884367167949676,1.1219092840105505,205.5,0.5,2
4,2,2,0,0.8873862499992052,1.2539415370759488,205.5,0.5,2
6,3,3,0,0.9284368915483355,1.1564082607126358,206.0,0.816496580927726,3
12,6,6,0,0.2795486477288333,0.556242796706643,208.5,1.707825127659933,6
12,6,6,0,0.2795486477288333,0.556242796706643,208.5,1.707825127659933,6
12,6,6,0,0.21707251134582542,0.3686785145787798,209.66666666666666,1.9720265943665387,6
12,6,6,0,0.21707251134582542,0.3686785145787798,209.66666666666666,1.9720265943665387,6
10,5,5,0,0.216292643505666,0.39421084111792803,210.2,1.7204650534085253,5
4,2,2,0,1.2891899027551215,1.821127958067698,213.5,0.5,2
6,3,3,0,0.8100154833868146,1.5289122449935164,214.0,0.816496580927726,3
4,2,2,0,0.06138591654598713,0.08491913095669815,214.5,0.5,2
10,4,4,0,0.32994991665085155,0.7587488200712779,214.0,0.7071067811865476,4
19,7,7,0,0.21821535414912635,0.5583534130894019,212.28571428571428,2.1189138534559038,7
26,9,9,0,0.17734458331018688,0.48263347020408864,210.33333333333334,2.9814239699997196,9
30,10,10,0,0.11654699568090768,0.2327505546496027,208.1,4.060788100849391,10
32,10,12,0,0.13277019220854966,0.23515050835174298,208.1,4.060788100849391,10
27,8,11,0,0.16625837018140233,0.2850498299894163,206.75,3.3819373146171707,8
18,5,8,0,0.21043588473078081,0.33238961388803023,204.8,2.7856776554368237,5
12,3,7,0,0.3778643029826609,0.48434591285618916,203.0,2.160246899469287,3
8,2,6,0,0.6332161727228335,0.5438161806930555,206.5,0.5,2
10,4,6,0,0.48461678717285395,0.5499405017662019,207.5,1.118033988749895,4
13,6,7,0,0.27127206247920793,0.3585159522913353,208.5,1.707825127659933,6
15,7,8,0,0.2818263243617756,0.3573461746848938,209.14285714285714,2.2314999074019015,7
12,6,6,0,0.20531682576984167,0.2956671080435732,209.66666666666666,1.9720265943665387,6
10,5,5,0,0.2298089306180676,0.31870207528316774,210.2,1.7204650534085253,5
6,3,3,0,0.1756681500002742,0.2662046794671127,211.33333333333334,1.247219128924647,3
8,4,4,0,0.16102336905896664,0.21851468633686844,215.5,1.118033988749895,4
8,4,4,0,0.16102336905896664,0.21851468633686844,215.5,1.118033988749895,4
14,7,7,0,0.22200183011591434,0.34127278736521505,217.0,2.0,7
15,7,8,0,0.25905141068090287,0.354954594540512,217.0,2.0,7
17,8,9,0,0.29654735419899225,0.3777786223104921,220.375,6.263734908183775,8
11,5,6,0,0.26360426247119906,0.3234307652050377,223.0,6.6332495807108,5
11,5,6,0,0.26360426247119906,0.3234307652050377,223.0,6.6332495807108,5
5,2,3,0,0.3393542605917901,0.3818729151335845,229.0,7.0,2
4,2,2,0,0.14309258324404558,0.20090125377598264,229.0,7.0,2
4,2,2,0,0.06121827817211548,0.08404869272501846,237.5,0.5,2
6,3,3,0,0.2350309668108821,0.383878473922045,238.0,0.816496580927726,3
8,4,4,0,0.2764273275222097,0.3877929201725034,238.5,1.118033988749895,4
10,5,5,0,0.37445496767759323,0.51450393306518,239.0,1.4142135623730951,5
12,6,6,0,0.37514154172756453,0.49235193945959427,239.5,1.707825127659933,6
8,4,4,0,0.42180896417370867,0.5286219926349642,240.5,1.118033988749895,4
6,3,3,0,0.43868183325976134,0.5770241632350178,241.0,0.816496580927726,3
4,2,2,0,0.2524692916000883,0.35541477168445,241.5,0.5,2
9,4,4,0,0.24579654692206532,0.3878508049035741,243.0,0.7071067811865476,4
11,5,5,0,0.22953925412148238,0.3560137163121114,243.4,1.019803902718557,5
11,5,5,0,0.22953925412148238,0.3560137163121114,243.4,1.019803902718557,5
9,4,4,0,0.1483522915514186,0.2213485699584735,243.5,1.118033988749895,4
9,4,4,0,0.1483522915514186,0.2213485699584735,243.5,1.118033988749895,4
4,2,2,0,1.4824425137291353,2.094766270987173,245.5,0.5,2
3,1,1,0,0.0013268748298287392,0.0002604154869914055,245.0,0.0,1
3,1,1,0,0.0013268748298287392,0.0002604154869914055,245.0,0.0,1
3,1,1,0,0.0013268748298287392,0.0002604154869914055,245.0,0.0,1
5,2,2,0,0.8758034687489271,1.5149244011034606,245.5,0.5,2
7,3,3,0,0.7957857567816973,1.2949874599045128,246.0,0.816496580927726,3
6,3,3,0,0.300021024979651,0.49284224596230375,247.0,0.816496580927726,3
6,3,3,0,0.300021024979651,0.49284224596230375,247.0,0.816496580927726,3
8,4,4,0,0.6032776309709463,0.9655225251894737,249.5,4.387482193696061,4
6,3,3,0,0.5903758835047483,1.069301800189221,250.66666666666666,4.496912521077347,3
4,2,2,0,0.9082365141560634,1.2824502403877518,252.5,4.5,2
5,2,3,0,0.9594974163919687,1.500847974619641,250.5,0.5,2
8,4,4,0,0.2103936607018113,0.2622862769430107,251.5,1.118033988749895,4
10,5,5,0,0.22520593046728107,0.2668137744302264,252.0,1.4142135623730951,5
12,6,6,0,0.23868424614722078,0.27424483746814754,252.5,1.707825127659933,6
13,6,7,0,0.35239226728056866,0.45952950548227467,252.5,1.707825127659933,6
10,4,6,0,0.506402754638758,0.5428486784649975,253.5,1.118033988749895,4
8,3,5,0,0.5887229643496019,0.585486777736386,257.6666666666667,4.4969125210773475,3
6,2,4,0,0.7045131335034966,0.6304307171608464,259.5,4.5,2
8,3,5,0,0.589039660724146,0.6932742901487703,265.0,0.816496580927726,3
11,5,6,0,0.3580099083483219,0.5833273896978315,266.0,1.4142135623730951,5
16,7,7,0,0.28362948888291917,0.5473627239467771,266.14285714285717,1.2453996981544782,7
20,8,8,0,0.15192634651535436,0.2914567060431596,266.0,1.224744871391589,8
28,12,12,0,0.1604016404254017,0.27637888588899695,266.1666666666667,1.2133516482134197,12
24,10,10,0,0.16298266301822403,0.29294711322555383,266.3,1.2688577540449522,10
24,10,10,0,0.1627875597661604,0.28364143954272064,266.7,1.7916472867168918,10
24,11,11,0,0.2017032246145865,0.31381412906161765,268.1818181818182,2.9176011883420387,11
20,10,10,0,0.23412729383103156,0.3500229027942916,269.5,2.8722813232690143,10
16,8,8,0,0.21556742501755555,0.30075590580480266,272.5,2.29128784747792,8
16,8,8,0,0.21556742501755555,0.30075590580480266,272.5,2.29128784747792,8
12,6,6,0,0.18864786734973843,0.27859796655399244,273.5,1.707825127659933,6
6,3,3,0,0.14002849161624908,0.19754730550510388,275.0,0.816496580927726,3
4,2,2,0,0.06357273614654939,0.08806826460809096,275.5,0.5,2
8,4,4,0,0.6589321845344135,1.4294012379398024,423.5,1.118033988749895,4
6,3,3,0,0.09196973331272602,0.11487592028153953,424.0,0.816496580927726,3
8,4,4,0,0.34801735130271744,0.6711415188771673,424.75,1.479019945774904,4
8,4,4,0,0.34801735130271744,0.6711415188771673,424.75,1.479019945774904,4
8,4,4,0,0.34801735130271744,0.6711415188771673,424.75,1.479019945774904,4
4,2,2,0,1.2031907085329294,1.6982879265109678,427.5,0.5,2
4,2,2,0,0.24808240278313556,0.3490674891823691,428.5,0.5,2
6,3,3,0,0.5094611000269651,0.7069843218928422,429.0,0.816496580927726,3
8,4,4,0,0.3892710832878947,0.628760349189627,429.5,1.118033988749895,4
12,6,6,0,0.3812419886446812,0.5686256765945361,430.5,1.707825127659933,6
12,6,6,0,0.38365575383332645,0.5702181056267884,431.5,1.707825127659933,6
12,6,6,0,0.3124588598412546,0.4169234333953461,432.5,1.707825127659933,6
10,5,5,0,0.36213108328067595,0.444040544188481,433.0,1.4142135623730951,5
10,5,5,0,0.44183078242672813,0.6028853272589692,434.0,1.4142135623730951,5
6,3,3,0,0.5655299166217447,0.734261086680057,435.0,0.816496580927726,3
4,2,2,0,0.6027059027304252,0.8501134813058571,435.5,0.5,2
4,2,2,0,1.3986995136365294,1.9763678033868677,436.5,0.5,2
6,3,3,0,0.31228530816733835,0.46798629509824985,438.0,0.816496580927726,3
8,4,4,0,0.3061887558017458,0.42483805102930183,438.5,1.118033988749895,4
10,5,5,0,0.390102981382774,0.5182312267856979,439.0,1.4142135623730951,5
12,6,6,0,0.36136902267621324,0.48283803637682843,439.5,1.707825127659933,6
10,5,5,0,0.3073152037751343,0.4334135804000552,440.0,1.4142135623730951,5
15,6,6,0,0.30738199402445127,0.5643908554398264,440.5,0.9574271077563381,6
15,6,6,0,0.2873456190074129,0.5303299667394422,440.5,0.9574271077563381,6
13,5,5,0,0.2965649374915908,0.5644915307712548,440.4,1.019803902718557,5
15,6,6,0,0.25094842564846787,0.4396880733921127,440.5,0.9574271077563381,6
16,6,7,0,0.29493257229526837,0.45554549785048354,440.5,0.9574271077563381,6
9,4,5,0,0.4797150833765045,0.5490010743749159,441.75,1.479019945774904,4
9,4,5,0,0.35214375518262386,0.41174934694914733,446.25,6.869315832017043,4
9,4,5,0,0.35214375518262386,0.41174934694914733,446.25,6.869315832017043,4
5,2,3,0,0.37917015608400106,0.4455007347036044,451.0,7.0,2
4,2,2,0,0.1419555696969231,0.1988588264307919,451.0,7.0,2
4,2,2,0,0.06932255532592535,0.09625262022506036,459.5,0.5,2
4,2,2,0,0.06932255532592535,0.09625262022506036,459.5,0.5,2
4,2,2,0,0.06932255532592535,0.09625262022506036,459.5,0.5,2
6,3,3,0,0.5923134330660105,1.08191351468988,460.3333333333333,1.247219128924647,3
6,3,3,0,0.5923134330660105,1.08191351468988,460.3333333333333,1.247219128924647,3
4,2,2,0,0.8090746666615208,1.1409178755940759,462.5,0.5,2
8,4,4,0,0.45648464294416563,0.8257593041984438,463.5,1.118033988749895,4
12,6,6,0,0.4161948029967872,0.6974071608348216,464.8333333333333,2.1147629234082532,6
10,5,5,0,0.23915071299092638,0.3112558311738905,465.4,1.8547236990991407,5
11,5,6,0,0.3658019541762769,0.4812037045159597,465.4,1.8547236990991407,5
9,4,5,0,0.38587152084801346,0.516968171612322,466.0,1.5811388300841898,4
9,4,5,0,0.5644459323957562,0.6578123618636199,468.5,1.118033988749895,4
5,2,3,0,0.6265131044201553,0.6932081097080084,469.5,0.5,2
9,4,5,0,0.5104610365815461,0.6057163726267262,470.5,1.118033988749895,4
9,4,5,0,0.40192337497137487,0.44342377041118397,470.5,1.118033988749895,4
11,5,6,0,0.42960340408608316,0.4674540711224583,471.2,1.7204650534085253,5
9,4,5,0,0.36908746347762644,0.40607373806520464,478.25,10.304731922762475,4
9,4,5,0,0.36908746347762644,0.40607373806520464,478.25,10.304731922762475,4
5,2,3,0,0.4337927915621549,0.45805479225372653,485.0,11.0,2
8,4,4,0,0.6462079641808357,1.2152911940117566,491.25,9.98436277385793,4
12,6,6,0,0.4407886060970751,1.0033549400614694,498.5,1.707825127659933,6
16,8,8,0,0.14342956667145093,0.17353739318773867,500.5,2.29128784747792,8
16,8,8,0,0.14342956667145093,0.17353739318773867,500.5,2.29128784747792,8
20,10,10,0,0.21843616228158536,0.4076629078427227,501.5,2.8722813232690143,10
16,8,8,0,0.23289138892044622,0.44976821581908993,502.5,2.29128784747792,8
12,5,7,0,0.42318802640180697,0.6129239311236262,504.0,1.4142135623730951,5
7,2,5,0,0.5458330209366977,0.5952817316731119,505.5,0.5,2
9,3,6,0,0.5219973385101184,0.563805760437118,508.6666666666667,4.4969125210773475,3
5,1,4,0,0.6106885625049472,0.45196153408131806,515.0,0.0,1
13,5,8,0,0.3818879860918969,0.4837071799377575,517.0,1.4142135623730951,5
11,5,6,0,0.3040882165543735,0.4618764448927702,517.0,1.4142135623730951,5
10,5,5,0,0.23793143509990639,0.4396202562756193,517.0,1.4142135623730951,5
8,4,4,0,0.09964083933404513,0.11882321291439255,517.5,1.118033988749895,4
8,4,4,0,0.09964083933404513,0.11882321291439255,517.5,1.118033988749895,4
4,2,2,0,0.15738686081022024,0.22078242373567245,532.0,11.0,2
4,2,2,0,0.15738686081022024,0.22078242373567245,532.0,11.0,2
10,5,5,0,0.29244453232321477,0.4859870093350365,539.8,9.453041838477178,5
12,6,6,0,0.2613428673622283,0.4474579763218265,541.0,9.03696114115064,6
20,10,10,0,0.23382662055327705,0.39939150289228603,544.4,8.175573374387877,10
16,8,8,0,0.1603087638815244,0.2596747816998165,547.5,2.29128784747792,8
16,8,8,0,0.1603087638815244,0.2596747816998165,547.5,2.29128784747792,8
14,7,7,0,0.3127202211807554,0.6288346300637838,550.0,2.0,7
22,10,10,0,0.2218010893002862,0.5016069242229373,551.1,1.57797338380595,10
15,6,7,0,0.19911324698477983,0.31295158447789995,552.1666666666666,0.6871842709362768,6
15,6,7,0,0.19911324698477983,0.31295158447789995,552.1666666666666,0.6871842709362768,6
16,6,8,0,0.2775659083078305,0.42139877658434527,552.1666666666666,0.6871842709362768,6
13,4,7,0,0.3484174548648298,0.47779816487527094,552.0,0.7071067811865476,4
9,3,6,0,0.4421792709035799,0.5151990655908422,555.0,0.816496580927726,3
9,3,6,0,0.4279475728981197,0.4901743697582308,555.0,0.816496580927726,3
12,4,8,0,0.41834695831957186,0.4470264690190836,557.5,4.387482193696061,4
15,6,9,0,0.33073364284687806,0.40334219590319836,560.5,5.560275772537426,6
18,8,10,0,0.24606368142892332,0.36075141873767086,562.5,5.937171043518958,8
16,7,9,0,0.27106061385323604,0.3319530495261841,571.2857142857143,9.050876606546947,7
15,7,8,0,0.2589180297218263,0.3403705452438606,571.2857142857143,9.050876606546947,7
12,6,6,0,0.1837108408693563,0.28544750158297605,572.3333333333334,9.374907406950156,6
8,4,4,0,0.24063711294106074,0.33850573120822136,575.25,10.304731922762475,4
4,2,2,0,0.16882191660503545,0.23645658094168526,582.0,11.0,2
4,2,2,0,0.17666387495895228,0.24735620042632447,594.5,0.5,2
8,4,4,0,0.19097444042563438,0.23724615581566869,595.5,1.118033988749895,4
12,6,6,0,0.20259856813671914,0.2645007226560642,596.5,1.707825127659933,6
12,6,6,0,0.20259856813671914,0.2645007226560642,596.5,1.707825127659933,6
12,6,6,0,0.20259856813671914,0.2645007226560642,596.5,1.707825127659933,6
8,4,4,0,0.2073616785928607,0.28830989114122174,597.5,1.118033988749895,4
4,2,2,0,0.050023180743058525,0.06870157080032209,598.5,0.5,2
8,3,4,1,0.33592164875673397,0.533387322090426,227.0,0.816496580927726,3
10,4,5,1,0.279608217585418,0.48356317731089016,227.5,1.118033988749895,4
10,4,5,1,0.279608217585418,0.48356317731089016,227.5,1.118033988749895,4
8,4,4,0,0.13657840474375657,0.18874408221844438,227.5,1.118033988749895,4
8,4,4,0,0.13657840474375657,0.18874408221844438,227.5,1.118033988749895,4
4,2,2,0,1.5249233475575845,2.1547017670864936,230.0,1.0,2
4,2,2,0,0.5765749718993902,0.8136076519790211,231.5,0.5,2
8,4,4,0,0.43038941653711454,0.6601486445405338,232.5,1.118033988749895,4
12,6,6,0,0.39261696589264,0.5834559188603304,233.5,1.707825127659933,6
12,6,6,0,0.26263806054537947,0.40304449579214463,234.5,1.707825127659933,6
16,8,8,0,0.30430500271419686,0.41305461923294606,235.5,2.29128784747792,8
14,7,7,0,0.2616316987058291,0.36251646249824815,236.0,2.0,7
10,5,5,0,0.25326335181792575,0.33425004103888784,237.0,1.4142135623730951,5
6,3,3,0,0.3352758916094899,0.41000636004888896,238.0,0.816496580927726,3
4,2,2,0,0.26613718022902805,0.3744796213630867,238.5,0.5,2
4,2,2,0,0.2588972359274824,0.36467004783102175,240.5,0.5,2
4,2,2,0,0.2588972359274824,0.36467004783102175,240.5,0.5,2
7,3,3,0,0.46643866660694283,0.7490035979430846,240.33333333333334,0.4714045207910317,3
11,5,5,0,0.34378090826794505,0.6076856103842783,240.8,0.7483314773547882,5
11,5,5,0,0.34378090826794505,0.6076856103842783,240.8,0.7483314773547882,5
7,3,3,0,0.10722520140310128,0.14959462246797536,241.0,0.816496580927726,3
9,4,4,0,0.4736842500278726,1.018372856094555,241.5,1.118033988749895,4
10,5,5,0,0.4776621666840381,0.9647707294084602,243.0,1.4142135623730951,5
7,3,4,0,0.3350732638500631,0.4338460441780559,244.0,0.816496580927726,3
9,4,5,0,0.3621020468417555,0.4384930782597562,244.75,1.479019945774904,4
11,5,6,0,0.3303559540770948,0.40746139979366375,248.0,6.6332495807108,5
9,4,5,0,0.3330490676453337,0.4268562355955605,249.25,6.869315832017043,4
5,2,3,0,0.32327998941764235,0.36420453997445623,254.0,7.0,2
4,2,2,0,0.13586151351531348,0.19067561147788767,254.0,7.0,2
4,2,2,0,0.07064159742246072,0.0980893920899934,262.5,0.5,2
4,2,2,0,0.07064159742246072,0.0980893920899934,262.5,0.5,2
4,2,2,0,0.07064159742246072,0.0980893920899934,262.5,0.5,2
4,2,2,0,0.07064159742246072,0.0980893920899934,262.5,0.5,2
4,2,2,0,0.07064159742246072,0.0980893920899934,262.5,0.5,2
6,2,2,0,0.05366494189947844,0.1022177060489169,261.5,0.5,2
8,3,3,0,0.23222916081015552,0.4671900772329457,261.6666666666667,0.4714045207910317,3
11,4,4,0,0.25321698347106575,0.45581591346849776,261.5,0.5,4
11,4,4,0,0.25321698347106575,0.45581591346849776,261.5,0.5,4
11,4,4,0,0.25321698347106575,0.45581591346849776,261.5,0.5,4
9,4,4,0,0.5349355260841548,1.045749043135781,262.0,0.7071067811865476,4
11,5,5,0,0.42387878336012363,0.9432489291269401,263.2,1.7204650534085253,5
8,4,4,0,0.1487757499728884,0.22215977260832295,263.75,1.479019945774904,4
8,4,4,0,0.1487757499728884,0.22215977260832295,263.75,1.479019945774904,4
8,4,4,0,0.1487757499728884,0.22215977260832295,263.75,1.479019945774904,4
4,2,2,0,0.2186341667547822,0.30731727640137,265.0,1.0,2
6,2,2,0,0.042769050039350984,0.08337636663373935,264.5,0.5,2
15,5,5,0,0.07921837503090501,0.1431838593736812,263.0,1.4142135623730951,5
19,7,7,0,0.12676693059297073,0.20714646756858715,262.85714285714283,1.2453996981544782,7
25,10,10,0,0.1310555520855511,0.1946215540285348,263.5,1.5,10
27,11,11,0,0.1506342628540901,0.2257362075887055,263.8181818181818,1.7486712783337588,11
23,10,10,0,0.1999898333610459,0.2818644488091944,264.2,2.4,10
14,7,7,0,0.2420808942272113,0.3121772134993056,265.14285714285717,2.2314999074019015,7
10,5,5,0,0.2595179999868075,0.3342282586286902,266.2,1.7204650534085253,5
8,4,4,0,0.554659904779068,0.9663795946406034,269.25,1.479019945774904,4
10,5,5,0,0.4493679814040661,0.8648421558201251,271.0,1.4142135623730951,5
16,8,8,0,0.1808779305468003,0.23945502330977553,273.5,2.29128784747792,8
22,11,11,0,0.17284257142316728,0.22002201330183424,275.0,3.1622776601683795,11
22,11,11,0,0.17284257142316728,0.22002201330183424,275.0,3.1622776601683795,11
22,11,11,0,0.22946492063679866,0.40753656665434507,277.0,3.1622776601683795,11
24,12,12,0,0.21114592031454263,0.3859492617332106,279.5,3.452052529534663,12
18,9,9,0,0.25830594850156235,0.44785015788101423,282.0,2.581988897471611,9
12,6,6,0,0.17242298478429968,0.21875499274485985,283.5,1.707825127659933,6
13,6,7,0,0.30677375686354935,0.4923589789517727,283.5,1.707825127659933,6
11,5,6,0,0.40224644588306546,0.5750549882377164,285.0,1.4142135623730951,5
7,3,4,0,0.6081210762883226,0.6770605317613051,289.6666666666667,4.4969125210773475,3
5,2,3,0,0.46570500009693205,0.4787731100710418,291.5,4.5,2
5,2,3,0,0.46570500009693205,0.4787731100710418,291.5,4.5,2
4,2,2,0,0.25598869441697997,0.3601497916570391,291.5,4.5,2
6,3,3,0,0.0791542500257492,0.0957662628203109,298.0,0.816496580927726,3
8,4,4,0,0.22528759536466428,0.39899761342623336,298.75,1.479019945774904,4
12,6,6,0,0.26628553410145367,0.42221075816139503,300.0,2.160246899469287,6
12,6,6,0,0.26628553410145367,0.42221075816139503,300.0,2.160246899469287,6
12,6,6,0,0.3889169129119678,0.561309964282977,301.1666666666667,2.1147629234082532,6
8,4,4,0,0.41636413695024593,0.5965194270854242,302.5,1.118033988749895,4
6,3,3,0,0.362791233509779,0.6062368860442897,303.0,0.816496580927726,3
4,2,2,0,0.48837500003476936,0.6888241669261933,313.5,0.5,2
8,4,4,0,0.284089559423072,0.4950766048704471,314.5,1.118033988749895,4
10,5,5,0,0.3075123334096538,0.4753670643415145,315.0,1.4142135623730951,5
16,8,8,0,0.29881964170684416,0.43929979179594913,316.5,2.29128784747792,8
14,7,7,0,0.23217687182701552,0.32751014523543986,317.0,2.0,7
12,6,6,0,0.2556613181633028,0.3482715556382518,317.5,1.707825127659933,6
12,6,6,0,0.43318835595114663,0.8304575155681492,319.5,1.707825127659933,6
12,6,6,0,0.4134140605614944,0.8176726053383195,320.5,1.707825127659933,6
12,6,6,0,0.18205785226415505,0.2549839434670963,323.5,1.707825127659933,6
16,8,8,0,0.21369013612469037,0.27298423474303607,324.5,2.29128784747792,8
24,12,12,0,0.1768846630483218,0.23576449960326948,326.5,3.452052529534663,12
24,12,12,0,0.16221913043409586,0.20278445103957418,328.5,3.452052529534663,12
22,11,11,0,0.16202666468563534,0.20615949875807832,329.0,3.1622776601683795,11
16,8,8,0,0.13992837499827146,0.1832635924380025,330.5,2.29128784747792,8
12,6,6,0,0.12567298105833205,0.16480178475580984,331.5,1.707825127659933,6
4,2,2,0,0.051756152883172035,0.07187886922282405,333.5,0.5,2
5,2,3,0,0.24716672883369029,0.31180253935963487,335.5,0.5,2
13,6,7,0,0.1622521075575302,0.21712513220993995,337.5,1.707825127659933,6
13,6,7,0,0.1622521075575302,0.21712513220993995,337.5,1.707825127659933,6
13,6,7,0,0.1622521075575302,0.21712513220993995,337.5,1.707825127659933,6
12,6,6,0,0.10753373479978605,0.12449849746026112,337.5,1.707825127659933,6
8,4,4,0,0.09586674999445677,0.12042231920726544,338.5,1.118033988749895,4
3,1,1,0,0.00289583345875144,0.0015720012597739697,339.0,0.0,1
33,11,11,0,0.03912257295451127,0.08916545780677618,334.0,3.1622776601683795,11
48,16,16,0,0.04353586968747859,0.08712563631020843,330.9375,5.639910792734225,16
51,17,17,0,0.04902128085494042,0.09869802533304077,330.11764705882354,6.379031393753392,17
52,17,18,0,0.0762599117725211,0.21598019592426793,330.11764705882354,6.379031393753392,17
51,17,18,0,0.0849031624943018,0.23661884992197463,329.3529411764706,6.038515365557101,17
25,9,10,0,0.20479532987034568,0.3965712744441807,324.3333333333333,4.0276819911981905,9
13,5,6,0,0.40329996527483064,0.5478004558369282,325.0,4.049691346263317,5
13,5,6,0,0.30157459030548733,0.45098959675060324,326.8,0.7483314773547883,5
12,5,5,0,0.2513152045113119,0.4376867521364646,326.8,0.7483314773547883,5
10,4,4,0,0.16465281488166916,0.319857027612249,327.0,0.7071067811865476,4
10,4,4,0,0.4321798333484266,1.0834754963841164,327.0,0.7071067811865476,4
12,5,5,0,0.4312359621240334,0.9912209246412752,327.6,1.019803902718557,5
15,7,7,0,0.15445138986355492,0.21499122609090449,328.85714285714283,1.2453996981544782,7
17,8,8,0,0.15493977605365217,0.20863198430643143,329.25,1.5612494995995996,8
25,12,12,0,0.1725255416628594,0.2401045349198178,331.0,2.857738033247041,12
23,11,11,0,0.17796658335084264,0.2467771740905115,332.1818181818182,2.9176011883420387,11
25,13,12,0,0.19952503816845515,0.264338121713258,334.9230769230769,3.626007307505439,13
21,11,10,0,0.2407900479156524,0.3338849431834269,337.54545454545456,4.459181261247535,11
19,10,9,0,0.2168206898495555,0.30838203796942465,338.1,4.3,10
15,8,7,0,0.3377520148642361,0.4910743493012347,343.0,5.522680508593631,8
17,9,8,0,0.26514562754891813,0.43963059969322454,345.77777777777777,5.958705634574187,9
14,7,7,0,0.3052234166086866,0.549500242158891,352.0,2.0,7
14,7,7,0,0.21110089101756996,0.40075841278029695,353.0,2.0,7
14,7,7,0,0.21110089101756996,0.40075841278029695,353.0,2.0,7
14,7,7,0,0.3335005577223805,0.5727737030728134,355.0,2.0,7
10,5,5,0,0.2928757036311759,0.5349711208160837,356.0,1.4142135623730951,5
10,5,5,0,0.4805512128190862,0.7526909254877306,358.0,1.4142135623730951,5
10,5,5,0,0.32911343520714176,0.6056623887535063,359.0,1.4142135623730951,5
16,7,7,0,0.3042375916615129,0.5603226928905002,359.14285714285717,1.2453996981544782,7
15,6,6,0,0.237848684524319,0.418657272051618,359.5,0.9574271077563381,6
21,9,9,0,0.21728225206024945,0.3679669063906593,359.6666666666667,0.9428090415820634,9
19,8,8,0,0.24506731253738204,0.3968784183856683,360.0,1.224744871391589,8
17,7,7,0,0.19304602086776868,0.31367350024311813,359.85714285714283,1.2453996981544782,7
11,5,5,0,0.1702200542204082,0.24107348670483125,360.0,1.4142135623730951,5
8,4,4,0,0.16860452986189298,0.23994892949775265,360.5,1.118033988749895,4
4,1,2,1,1.0542118195444345,1.4874625791650753,185.0,0.0,1
4,1,2,1,1.0542118195444345,1.4874625791650753,185.0,0.0,1
6,3,3,0,0.43703244999051094,0.8108674495529963,186.0,0.816496580927726,3
6,3,3,0,0.43703244999051094,0.8108674495529963,186.0,0.816496580927726,3
8,4,4,0,0.6240524225203055,0.9468840897943434,186.75,1.479019945774904,4
6,3,3,0,0.4623207999393344,0.8610344011356003,187.33333333333334,1.247219128924647,3
10,5,5,0,0.4757035185272495,0.816079543852835,188.6,1.8547236990991407,5
8,4,4,0,0.44644443451293875,0.6748598412496886,190.5,1.118033988749895,4
8,4,4,0,0.44644443451293875,0.6748598412496886,190.5,1.118033988749895,4
12,6,6,0,0.2912387196821245,0.4844788748783842,192.5,1.707825127659933,6
12,6,6,0,0.2912387196821245,0.4844788748783842,192.5,1.707825127659933,6
10,5,5,0,0.36238863888300127,0.5663981263105697,194.2,1.7204650534085253,5
8,4,4,0,0.2606989583000541,0.46803662049430805,194.75,1.479019945774904,4
8,4,4,0,0.2606989583000541,0.46803662049430805,194.75,1.479019945774904,4
4,2,2,0,0.9744041667630275,1.3760093486529328,197.5,0.5,2
4,2,2,0,0.9744041667630275,1.3760093486529328,197.5,0.5,2
8,4,4,0,0.5256237977051309,1.010682881121851,199.5,1.118033988749895,4
14,7,7,0,0.3666767757385969,0.7756705614914918,201.0,2.0,7
18,9,9,0,0.16356461276026332,0.20256088746164383,203.0,2.581988897471611,9
21,10,11,0,0.1896783041767776,0.2398729032921925,203.5,2.8722813232690143,10
22,10,12,0,0.19438919048046782,0.2350380945393397,203.5,2.8722813232690143,10
20,9,11,0,0.20658493855674015,0.25955982827663016,207.66666666666666,6.236095644623235,9
16,7,9,0,0.299795313924551,0.41842209119688434,212.14285714285714,7.953949089757174,7
18,8,10,0,0.27530455386594815,0.39886632835365987,222.125,7.7368840627218916,8
15,7,8,0,0.25448608032560777,0.40699472977937534,224.14285714285714,5.986379097073417,7
16,8,8,0,0.26761094722896817,0.4556795431477499,224.875,5.925316447245666,8
12,6,6,0,0.2022375719283115,0.36392755699234375,227.5,1.707825127659933,6
10,5,5,0,0.2158053101350864,0.39561008627476096,228.0,1.4142135623730951,5
4,2,2,0,1.1862927082305152,1.6760926093403559,231.0,1.0,2
4,2,2,0,1.1862927082305152,1.6760926093403559,231.0,1.0,2
6,3,3,0,0.8657178834080697,1.603055997745153,233.0,0.816496580927726,3
8,4,4,0,0.10167682144258704,0.12086019305143685,234.5,1.118033988749895,4
8,4,4,0,0.10167682144258704,0.12086019305143685,234.5,1.118033988749895,4
8,4,4,0,0.10167682144258704,0.12086019305143685,234.5,1.118033988749895,4
8,4,4,0,0.10167682144258704,0.12086019305143685,234.5,1.118033988749895,4
4,2,2,0,0.09603016668309768,0.1336908342084634,235.5,0.5,2
4,1,2,1,0.29768256936222315,0.41792570873348667,355.0,0.0,1
10,4,5,1,0.20592938425640264,0.2969808565198316,356.5,1.118033988749895,4
10,4,5,1,0.20592938425640264,0.2969808565198316,356.5,1.118033988749895,4
14,6,7,1,0.30523302563681054,0.48105867899235455,357.6666666666667,1.9720265943665387,6
12,6,6,0,0.27978544699197466,0.4832370263288321,357.6666666666667,1.9720265943665387,6
12,6,6,0,0.3656531742519953,0.5948852629567168,358.8333333333333,2.1147629234082532,6
10,5,5,0,0.3384818425402045,0.49498336956865135,361.8,1.7204650534085253,5
12,6,6,0,0.37562163631347095,0.5098116236783433,362.3333333333333,1.9720265943665387,6
12,6,5,0,0.33859823110767384,0.42678904209784224,363.8333333333333,1.0671873729054746,6
15,7,7,0,0.33132262201979756,0.4274370133306644,364.14285714285717,1.2453996981544782,7
15,7,7,0,0.30183542553069337,0.40259463169767895,364.85714285714283,1.2453996981544782,7
15,7,7,0,0.31797663980562774,0.3885348802425944,366.2857142857143,1.665986255670086,7
13,6,6,0,0.28685257979668677,0.35658692333697706,366.5,1.707825127659933,6
9,4,5,0,0.36754996341187507,0.38467043536917167,367.5,1.118033988749895,4
6,3,3,0,0.3135969415307045,0.38258925062464255,368.0,0.816496580927726,3
7,3,3,0,0.6969459375056127,1.2335349565249316,368.3333333333333,0.4714045207910317,3
3,1,1,0,0.0010660625994205475,0.0005040206015110016,368.0,0.0,1
5,2,2,0,0.47843804163858294,0.8265957697988041,368.5,0.5,2
8,3,3,0,0.4646573094651103,0.7485611445489376,368.3333333333333,0.4714045207910317,3
10,4,4,0,0.4386321898135874,0.6817791459098574,368.5,0.5,4
9,4,4,0,0.4070586353773251,0.5508958239158175,369.0,0.7071067811865476,4
13,6,6,0,0.38135099651602405,0.4921730411895765,369.8333333333333,1.3437096247164249,6
15,7,7,0,0.31194688393069164,0.40841608507131505,371.0,2.0,7
12,6,6,0,0.3337063333866271,0.4254842145584623,371.5,1.707825127659933,6
10,5,5,0,0.2722128611057997,0.34356620727324233,372.0,1.4142135623730951,5
9,4,5,0,0.5535084480652586,0.8874438431731106,372.5,1.118033988749895,4
7,3,4,0,0.7104887987176577,1.0183440130307226,374.3333333333333,1.247219128924647,3
5,2,3,0,0.4447245311457664,0.5104819902371968,383.0,7.0,2
5,2,3,0,0.4447245311457664,0.5104819902371968,383.0,7.0,2
5,2,3,0,0.4447245311457664,0.5104819902371968,383.0,7.0,2
4,2,2,0,0.1776711946974198,0.24937096551643192,383.0,7.0,2
4,2,2,0,0.09764488848547141,0.13622284155371278,391.5,0.5,2
6,3,3,0,0.1726276081055403,0.22747181055123702,392.0,0.816496580927726,3
8,4,4,0,0.31314075578536305,0.46048445093553037,392.5,1.118033988749895,4
10,5,5,0,0.29581684722668594,0.4220127996085394,393.0,1.4142135623730951,5
14,7,7,0,0.32616695826156783,0.4469082569592481,394.0,2.0,7
14,7,7,0,0.34168604159584415,0.4486697497818724,396.0,2.0,7
16,8,8,0,0.2956259389097492,0.3587922012312474,397.5,2.29128784747792,8
16,8,8,0,0.3085205000514785,0.3680275803252392,398.5,2.29128784747792,8
14,7,7,0,0.26316575326312047,0.29182007615701266,399.0,2.0,7
10,5,5,0,0.27868093984822434,0.312624196792039,400.0,1.4142135623730951,5
8,4,4,0,0.5950741785179291,0.9625901120548249,401.5,1.118033988749895,4
8,4,4,0,0.5108170296464648,0.9702397633256414,403.5,1.118033988749895,4
10,5,5,0,0.27364780557238394,0.3610938924552187,405.4,1.8547236990991407,5
10,5,5,0,0.27364780557238394,0.3610938924552187,405.4,1.8547236990991407,5
11,5,6,0,0.3606189333833754,0.4306108601812747,405.4,1.8547236990991407,5
11,5,6,0,0.46065631257370115,0.5550679646922961,406.6,1.8547236990991407,5
9,3,6,0,0.5755331718828529,0.5350612816283633,408.0,0.816496580927726,3
5,1,4,0,0.6795955416746438,0.5562088147313689,409.0,0.0,1
5,1,4,0,0.6795955416746438,0.5562088147313689,409.0,0.0,1
4,1,3,0,0.3982911389321089,0.30977786574225824,409.0,0.0,1
5,1,4,0,1.080942447995767,1.2913236940555572,414.0,0.0,1
3,1,2,0,0.3003539377823472,0.2989840628579259,414.0,0.0,1
9,4,5,0,0.3549933125032112,0.6039694891179576,415.5,1.118033988749895,4
17,8,9,0,0.23142859374638647,0.45309719228319717,417.5,2.29128784747792,8
17,8,9,0,0.23142859374638647,0.45309719228319717,417.5,2.29128784747792,8
16,8,8,0,0.19211676667133967,0.40402639026745796,418.5,2.29128784747792,8
20,10,10,0,0.21436956578767613,0.396227745532694,419.5,2.8722813232690143,10
14,7,7,0,0.2568813429858822,0.46386430388412764,421.0,2.0,7
12,6,6,0,0.303593276407231,0.4681936517612466,424.5,1.707825127659933,6
13,7,6,0,0.3773616214748472,0.5106835063532347,425.0,2.0,7
12,6,6,0,0.3329689090394161,0.5107924924424335,425.5,1.707825127659933,6
10,5,5,0,0.34387855552550817,0.49754450665672184,427.0,1.4142135623730951,5
10,5,5,0,0.34387855552550817,0.49754450665672184,427.0,1.4142135623730951,5
6,3,3,0,0.6014350833371281,0.7453951182924728,429.0,0.816496580927726,3
5,2,3,0,0.7515496772248298,0.7627879105475283,429.5,0.5,2
4,2,2,0,0.5674322638660669,0.8001230995054859,429.5,0.5,2
4,1,2,1,0.6777502776434025,0.956356982145758,211.0,0.0,1
8,3,4,1,0.49089031546775785,0.7384501982581018,212.0,0.816496580927726,3
14,6,7,1,0.3640656345882095,0.5974297802609145,213.5,1.707825127659933,6
12,6,6,0,0.245528367432681,0.3787590761711703,213.5,1.707825127659933,6
14,7,7,0,0.34213335898060065,0.5383338518918851,214.14285714285714,2.2314999074019015,7
14,7,7,0,0.35036419554112047,0.5511048635761032,215.28571428571428,2.3733211036908783,7
14,7,7,0,0.30670319870114326,0.5325889169964103,217.57142857142858,2.4411439272335804,7
8,4,4,0,0.257310113204377,0.42651195958976007,219.5,1.118033988749895,4
8,4,4,0,0.257310113204377,0.42651195958976007,219.5,1.118033988749895,4
6,3,3,0,0.10914183352142573,0.14407777549194203,220.0,0.816496580927726,3
4,2,2,0,0.12180695837984483,0.17037468168087824,220.5,0.5,2
4,2,2,0,0.08326180558651686,0.11592951456115158,222.5,0.5,2
4,2,2,0,0.08326180558651686,0.11592951456115158,222.5,0.5,2
5,2,3,0,0.4978907397016883,0.7251421917639586,222.5,0.5,2
7,3,4,0,0.6189694583105544,0.79149559966444,223.33333333333334,1.247219128924647,3
7,3,4,0,0.6189694583105544,0.79149559966444,223.33333333333334,1.247219128924647,3
6,1,5,0,0.793819866515696,0.7441100417830715,225.0,0.0,1
6,1,5,0,0.793819866515696,0.7441100417830715,225.0,0.0,1
7,2,5,0,0.5840881459104518,0.643648946549988,225.5,0.5,2
7,1,6,0,0.516723652680715,0.4476045781188654,226.0,0.0,1
7,1,6,0,0.516723652680715,0.4476045781188654,226.0,0.0,1
7,2,5,0,0.5865674723560611,0.5501705393317619,233.0,7.0,2
7,2,5,0,0.5865674723560611,0.5501705393317619,233.0,7.0,2
5,1,4,0,0.6315532606095076,0.5703328202197172,240.0,0.0,1
3,1,2,0,0.37305662501603365,0.3716669576242566,240.0,0.0,1
3,1,2,0,0.37305662501603365,0.3716669576242566,240.0,0.0,1
8,4,4,0,0.1325023572093674,0.1727656822472727,242.5,1.118033988749895,4
12,6,6,0,0.12178768564692953,0.15239593266153845,243.5,1.707825127659933,6
16,8,8,0,0.19579265005886554,0.3197305664146827,244.5,2.29128784747792,8
22,11,11,0,0.18274861117381425,0.2861079516163315,246.0,3.1622776601683795,11
26,13,13,0,0.17095378503203393,0.26778540226159386,248.0,3.7416573867739413,13
22,11,11,0,0.23249897618024123,0.37506326974818194,250.0,3.1622776601683795,11
20,10,10,0,0.2159925438463688,0.33158095911446633,251.5,2.8722813232690143,10
22,11,11,0,0.21625617261798608,0.3250116078575217,254.0,3.1622776601683795,11
16,8,8,0,0.2321568666646878,0.3636001440504436,255.5,2.29128784747792,8
10,5,5,0,0.19229861576524046,0.2536248122453598,257.0,1.4142135623730951,5
10,5,5,0,0.45220360190918046,0.9378229055877246,258.0,1.4142135623730951,5
12,6,6,0,0.3895607462830164,0.860595201375156,259.5,1.707825127659933,6
8,4,4,0,0.31891838687338997,0.5196758987270191,263.5,4.387482193696061,4
8,4,4,0,0.31891838687338997,0.5196758987270191,263.5,4.387482193696061,4
16,8,8,0,0.2646613749985894,0.4329244882780595,268.5,5.937171043518958,8
18,9,9,0,0.26417092896778793,0.4219607356902424,271.22222222222223,5.492980930803678,9
20,10,10,0,0.2037472192590174,0.2840033148880535,275.5,2.8722813232690143,10
18,9,9,0,0.16648221328197157,0.21266541479381126,276.0,2.581988897471611,9
22,11,11,0,0.23635277382674671,0.3575801357402219,277.0,3.1622776601683795,11
16,8,8,0,0.24997611393531163,0.38836197218693336,279.5,2.29128784747792,8
14,7,7,0,0.30589365056500983,0.4574896009869326,281.0,2.0,7
8,4,4,0,0.27186081531856743,0.3837932505083406,282.5,1.118033988749895,4
8,4,4,0,0.27186081531856743,0.3837932505083406,282.5,1.118033988749895,4
4,2,2,0,0.3491811389103532,0.49017571434768265,283.5,0.5,2
4,1,2,1,0.29419829168667394,0.41167498823432624,378.0,0.0,1
8,3,4,1,0.3345585417534624,0.42387826519743,379.0,0.816496580927726,3
10,4,5,1,0.27866556940393317,0.39003037947591246,379.5,1.118033988749895,4
12,5,6,1,0.32396120070056483,0.42909802393373647,380.2,1.7204650534085253,5
10,5,5,0,0.2980583194229338,0.42324178199351975,380.2,1.7204650534085253,5
10,5,5,0,0.41476320361511576,0.6819642068731758,381.4,1.8547236990991407,5
10,5,5,0,0.5267332222105728,0.7315401186077405,383.8,1.7204650534085253,5
8,4,4,0,0.526248339297516,0.7803837681650238,384.5,1.118033988749895,4
8,4,4,0,0.42035142252487795,0.5846052663380269,385.5,1.118033988749895,4
12,6,6,0,0.38239657201550226,0.5116491705507515,386.5,1.707825127659933,6
12,6,6,0,0.3294530151919885,0.438895248839719,387.5,1.707825127659933,6
10,5,5,0,0.30908531478295725,0.3576100263806474,389.0,1.4142135623730951,5
10,5,5,0,0.30908531478295725,0.3576100263806474,389.0,1.4142135623730951,5
8,4,4,0,0.2819666725450328,0.33870784961145717,389.5,1.118033988749895,4
4,2,2,0,0.26608020812273026,0.3755440310283582,390.5,0.5,2
7,3,3,0,0.8256161737566193,1.4795204621746287,390.6666666666667,0.4714045207910317,3
5,2,2,0,0.2250557707156986,0.38577169122516347,390.5,0.5,2
7,3,3,0,0.3563397567098339,0.5110681961790023,391.0,0.816496580927726,3
9,4,4,0,0.3880091665778309,0.5065200306629758,391.5,1.118033988749895,4
13,6,6,0,0.4109077012787263,0.4960890487803808,392.5,1.707825127659933,6
10,5,5,0,0.3336288472637534,0.4335950188593073,394.0,1.4142135623730951,5
12,5,7,0,0.42365122349424794,0.4592796915298101,394.0,1.4142135623730951,5
11,4,7,0,0.46274001663550735,0.45739079675430916,394.5,1.118033988749895,4
11,4,7,0,0.4459431542083621,0.4372324485367322,395.5,1.118033988749895,4
9,3,6,0,0.5618233957793564,0.46842383932320814,397.3333333333333,1.247219128924647,3
7,2,5,0,0.5546451875319084,0.42343587245322384,398.0,1.0,2
5,2,3,0,0.4762941875960678,0.47583751606767305,398.0,1.0,2
6,3,3,0,0.7668118249624968,1.1063625491204214,403.0,7.118052168020874,3
4,2,2,0,0.9485597082724174,1.339996027728931,406.0,7.0,2
4,2,2,0,1.4344018471116822,2.0271214632195838,413.5,0.5,2
4,2,2,0,0.08293519448488951,0.11596700519884821,414.5,0.5,2
4,2,2,0,0.08293519448488951,0.11596700519884821,414.5,0.5,2
4,2,2,0,0.08293519448488951,0.11596700519884821,414.5,0.5,2
4,2,2,0,0.08293519448488951,0.11596700519884821,414.5,0.5,2
8,4,4,0,0.45263409508126123,0.8631643877446256,418.5,1.118033988749895,4
10,5,5,0,0.4565179351096352,0.7927069890017896,419.2,1.7204650534085253,5
10,5,5,0,0.24249847222947413,0.32645631232857897,420.4,1.8547236990991407,5
10,5,5,0,0.24249847222947413,0.32645631232857897,420.4,1.8547236990991407,5
11,5,6,0,0.41185651663690803,0.5950257778641616,420.4,1.8547236990991407,5
5,2,3,0,0.635925447801128,0.7902007314406604,422.5,0.5,2
5,2,3,0,1.0296421248931438,1.0324433709968417,423.5,0.5,2
5,2,3,0,0.6952931145206094,0.8917099400402031,424.5,0.5,2
7,3,4,0,0.6925253888281683,0.8287753681049311,425.0,0.816496580927726,3
12,6,6,0,0.31086542042480275,0.44108709638825866,426.5,1.707825127659933,6
12,6,6,0,0.31086542042480275,0.44108709638825866,426.5,1.707825127659933,6
10,5,5,0,0.3133241758785314,0.466819978369065,427.0,1.4142135623730951,5
10,5,5,0,0.41497418977734113,0.7181357961621743,428.6,2.4166091947189146,5
8,4,4,0,0.40469129756093025,0.7776905941695627,429.25,2.277608394786075,4
3,1,2,0,1.291610791347921,1.290385166183114,433.0,0.0,1
3,1,2,0,1.291610791347921,1.290385166183114,433.0,0.0,1
3,1,2,0,1.291610791347921,1.290385166183114,433.0,0.0,1
3,1,2,0,1.38429197948426,1.3830220624804497,435.0,0.0,1
3,1,2,0,1.38429197948426,1.3830220624804497,435.0,0.0,1
4,2,2,0,0.6484693891058365,0.9156258062680316,446.0,11.0,2
4,2,2,0,0.6484693891058365,0.9156258062680316,446.0,11.0,2
4,2,2,0,0.6484693891058365,0.9156258062680316,446.0,11.0,2
4,2,2,0,0.06834722186128299,0.09518827934396745,458.5,0.5,2
4,2,2,0,0.06834722186128299,0.09518827934396745,458.5,0.5,2
6,3,3,0,0.2885406332090497,0.48009339837535026,459.0,0.816496580927726,3
6,3,3,0,0.2885406332090497,0.48009339837535026,459.0,0.816496580927726,3
8,4,4,0,0.5507123153656721,0.8666784186035028,460.25,2.277608394786075,4
4,2,2,0,0.8046709165597955,1.135737506075068,462.0,2.0,2
4,2,2,0,0.8046709165597955,1.135737506075068,462.0,2.0,2
3,1,2,0,0.7002376038581133,0.6989150205627084,465.0,0.0,1
3,1,2,0,0.7002376038581133,0.6989150205627084,465.0,0.0,1
6,2,3,0,0.544309433363378,0.6649118788425645,464.5,0.5,2
9,3,5,0,0.5279066510265693,0.618687809809055,464.6666666666667,0.4714045207910317,3
10,4,5,0,0.44628935648749274,0.5733243928887951,465.0,0.7071067811865476,4
8,3,4,0,0.38548124994018246,0.531365305262537,465.0,0.816496580927726,3
8,3,4,0,0.38548124994018246,0.531365305262537,465.0,0.816496580927726,3
7,3,4,0,0.7484112430053452,1.1044863592644314,469.3333333333333,5.436502143433364,3
4,2,2,0,1.0118545275181532,1.428558557257793,471.5,5.5,2
6,2,3,0,0.6254257330670953,0.9178340754456142,476.5,0.5,2
21,7,8,0,0.20460544577799739,0.5262206490324985,474.0,2.0,7
22,7,8,0,0.11707277378688256,0.2207976764658621,473.0,2.0,7
26,9,10,0,0.15050747498869896,0.290540933224395,472.6666666666667,1.8856180831641267,9
26,9,10,0,0.15050747498869896,0.290540933224395,472.6666666666667,1.8856180831641267,9
24,9,9,0,0.20906277170971685,0.4799249079119896,472.44444444444446,1.5713484026367723,9
9,4,4,0,0.42187882808502764,0.7252735041221929,471.75,1.479019945774904,4
10,5,5,0,0.45518329160081017,0.7171209742714773,473.6,1.8547236990991407,5
10,5,5,0,0.2939487777443396,0.44820778982084686,476.2,1.7204650534085253,5
12,6,6,0,0.30416671974076465,0.43239108877830706,476.8333333333333,2.1147629234082532,6
11,5,6,0,0.3582393624819815,0.501533069166722,477.4,1.8547236990991407,5
11,5,6,0,0.3582393624819815,0.501533069166722,477.4,1.8547236990991407,5
7,3,4,0,0.49007311106349033,0.5920636170868958,478.6666666666667,1.247219128924647,3
7,3,4,0,0.7617598612171909,0.9591558147813373,481.0,0.816496580927726,3
7,3,4,0,0.5672073056921363,0.8753160111450348,482.0,0.816496580927726,3
12,6,6,0,0.22471792801198634,0.33241368846866537,483.5,1.707825127659933,6
14,7,7,0,0.2466006217381129,0.3415441756961213,484.42857142857144,2.770102775666474,7
15,7,8,0,0.28488594639514175,0.35689643742772065,484.42857142857144,2.770102775666474,7
11,5,6,0,0.305331370793283,0.3941122338200672,485.6,2.4166091947189146,5
9,4,5,0,0.2421479895710945,0.310229361929876,486.25,2.277608394786075,4
5,2,3,0,0.9120580207090825,1.1706853648475284,491.0,1.0,2
3,1,2,0,1.431945541407913,1.4310873341746628,492.0,0.0,1
4,2,2,0,0.9668250416095058,1.3656791578633705,507.0,15.0,2
4,2,2,0,0.9668250416095058,1.3656791578633705,507.0,15.0,2
4,2,2,0,0.08630109733591478,0.1201515887604308,523.5,0.5,2
6,3,3,0,0.14500322490930556,0.1875722212505522,524.0,0.816496580927726,3
8,4,4,0,0.21160356540765082,0.27744320997349126,525.25,2.277608394786075,4
14,7,7,0,0.25249757366971326,0.3559632549401014,527.7142857142857,3.3685217493004562,7
14,7,7,0,0.25249757366971326,0.3559632549401014,527.7142857142857,3.3685217493004562,7
16,8,8,0,0.28573801945894955,0.40486448132185743,531.125,2.9764702249476644,8
16,8,8,0,0.3006525888418158,0.42564977952291205,532.625,2.496873044429772,8
16,8,8,0,0.28288400278737147,0.3915351645637449,533.75,2.6339134382131846,8
10,5,5,0,0.279269486044844,0.3859737251341416,535.4,1.8547236990991407,5
11,5,6,0,0.47780577903613447,0.699162414290875,535.4,1.8547236990991407,5
5,2,3,0,0.8005267393309623,0.9270377155626289,537.5,0.5,2
3,1,2,0,1.1335228746756911,1.1311095412820578,538.0,0.0,1
4,1,3,0,0.6078296108171344,0.5133766372391655,555.0,0.0,1
8,3,5,0,0.4320924999192357,0.4790164000797549,556.0,0.816496580927726,3
10,4,6,0,0.3744829444007741,0.4434163937174533,556.5,1.118033988749895,4
9,4,5,0,0.35040345310699195,0.464733217433249,556.5,1.118033988749895,4
8,4,4,0,0.22103949995445354,0.33608117515878205,556.5,1.118033988749895,4
6,3,3,0,0.11255824994295835,0.14207704272474983,557.0,0.816496580927726,3
4,2,2,0,1.375548096994559,1.943718453239512,563.0,5.0,2
3,1,2,0,1.0116228335537016,1.010713083203882,568.0,0.0,1
9,3,4,0,0.46845179179217666,0.7306496432550311,567.0,0.816496580927726,3
24,8,9,0,0.2063528333345185,0.47728161873795355,564.5,2.29128784747792,8
22,7,8,0,0.12966045236126297,0.2907977971641941,564.0,2.0,7
22,7,8,0,0.12966045236126297,0.2907977971641941,564.0,2.0,7
22,7,8,0,0.2031708671046155,0.6086895744412184,564.0,2.0,7
18,6,7,0,0.2801730098641094,0.6992287661970769,562.8333333333334,1.3437096247164249,6
7,3,4,0,0.2648676250440379,0.38464800414549044,563.0,0.816496580927726,3
7,3,4,0,0.2648676250440379,0.38464800414549044,563.0,0.816496580927726,3
7,3,4,0,0.2648676250440379,0.38464800414549044,563.0,0.816496580927726,3
6,3,3,0,0.10019145850092173,0.12180092589021754,563.0,0.816496580927726,3
4,2,2,0,0.0827276532848676,0.11600150507927573,563.5,0.5,2
6,3,3,0,0.10721053350716829,0.1397192083423199,566.0,0.816496580927726,3
8,4,4,0,0.1883235297032765,0.2718372219515883,567.25,2.277608394786075,4
8,4,4,0,0.1883235297032765,0.2718372219515883,567.25,2.277608394786075,4
8,4,4,0,0.1883235297032765,0.2718372219515883,567.25,2.277608394786075,4
8,4,4,0,0.1883235297032765,0.2718372219515883,567.25,2.277608394786075,4
4,2,2,0,1.215901833338042,1.7183007390332075,571.5,0.5,2
3,1,2,0,0.7932941038161516,0.7924336874857545,572.0,0.0,1
3,1,2,0,0.7932941038161516,0.7924336874857545,572.0,0.0,1
5,2,3,0,0.7415226143784821,0.7435630626834792,572.5,0.5,2
5,2,3,0,0.7415226143784821,0.7435630626834792,572.5,0.5,2
4,1,3,0,1.3369994446014364,1.0737012293884847,573.0,0.0,1
3,1,2,0,1.3169448543339968,1.3145512295886874,573.0,0.0,1
5,2,3,0,1.1125157710630447,1.1477669239037107,573.5,0.5,2
11,5,6,0,0.29092353750020267,0.524543300363051,576.0,1.4142135623730951,5
13,6,7,0,0.29243312155206996,0.49415108489535814,576.5,1.707825127659933,6
16,8,8,0,0.2049011943861842,0.25622181088694834,581.375,11.39009986786771,8
16,8,8,0,0.2049011943861842,0.25622181088694834,581.375,11.39009986786771,8
14,7,7,0,0.21477328520268202,0.26834219330946,582.4285714285714,11.80625914936822,7
8,4,4,0,0.6465668868539589,1.0631315351175192,595.75,15.769828787910159,4
10,5,5,0,0.4993184630034698,0.9618758868074371,606.2,12.639620247459966,5
6,3,3,0,0.14102644994854927,0.18615430834106558,613.0,0.816496580927726,3
8,4,4,0,0.4010688154292958,0.7135205063876561,615.75,4.815340071064556,4
12,6,6,0,0.3594808447259394,0.6084473393783655,619.0,6.0553007081949835,6
14,7,7,0,0.3549021923054869,0.5748311446806137,622.4285714285714,5.778213833187625,7
16,8,8,0,0.21412152219563724,0.2811082956196155,627.625,2.496873044429772,8
18,9,9,0,0.2322133014745572,0.2966178761077772,628.2222222222222,2.8974232912011773,9
16,8,8,0,0.20679314167549212,0.2654315794711849,628.75,2.6339134382131846,8
13,6,7,0,0.3595694027220209,0.5015935023943785,629.8333333333334,2.1147629234082532,6
11,5,6,0,0.47886998755857346,0.6253014473921765,631.6,1.8547236990991407,5
5,2,3,0,0.804270593682304,0.8082785303667626,633.5,0.5,2
3,1,2,0,0.7402437296696007,0.7395476871170104,634.0,0.0,1
3,1,2,0,0.7402437296696007,0.7395476871170104,634.0,0.0,1
7,2,2,1,0.21563899299750725,0.40036355073403324,391.5,0.5,2
10,3,3,1,0.16705223152207005,0.3386672572265758,391.0,0.816496580927726,3
10,3,3,1,0.16705223152207005,0.3386672572265758,391.0,0.816496580927726,3
10,3,3,1,0.16705223152207005,0.3386672572265758,391.0,0.816496580927726,3
10,3,4,0,0.3669014350614614,0.8980064344063223,391.0,0.816496580927726,3
4,1,2,0,0.9666619719937444,1.364886871931828,390.0,0.0,1
5,2,3,0,0.677875239867717,0.8614318173356518,395.5,0.5,2
6,2,4,0,0.6819306667894125,0.7705307305258058,395.5,0.5,2
6,2,4,0,0.6819306667894125,0.7705307305258058,395.5,0.5,2
5,2,3,0,0.32527148979716003,0.32575783289406196,395.5,0.5,2
7,3,4,0,0.7232155140178899,1.0749005362918271,394.6666666666667,1.247219128924647,3
4,1,3,0,1.4248996945098042,1.2464519204819557,393.0,0.0,1
6,2,4,0,0.4331424666568637,0.4609436643887272,395.5,2.5,2
6,2,4,0,0.4331424666568637,0.4609436643887272,395.5,2.5,2
6,2,4,0,0.4331424666568637,0.4609436643887272,395.5,2.5,2
4,1,3,0,0.30931918043643236,0.24796388594164018,398.0,0.0,1
3,1,2,0,0.3048918331041932,0.30359566677361727,398.0,0.0,1
10,5,5,0,0.10801056027412415,0.1305332430991569,401.0,1.4142135623730951,5
10,5,5,0,0.10801056027412415,0.1305332430991569,401.0,1.4142135623730951,5
10,5,5,0,0.10801056027412415,0.1305332430991569,401.0,1.4142135623730951,5
10,5,5,0,0.10801056027412415,0.1305332430991569,401.0,1.4142135623730951,5
8,4,4,0,0.09978661899055753,0.12794210604936426,401.5,1.118033988749895,4
8,4,4,0,0.22070397609578712,0.3578032396377994,406.5,1.118033988749895,4
8,4,4,0,0.22070397609578712,0.3578032396377994,406.5,1.118033988749895,4
14,7,7,0,0.29482631406818444,0.4615283326156843,408.0,2.0,7
14,7,7,0,0.29482631406818444,0.4615283326156843,408.0,2.0,7
12,6,6,0,0.252271890047599,0.4350954104093478,408.5,1.707825127659933,6
6,3,3,0,0.1484622498974204,0.18065652357959724,410.0,0.816496580927726,3
8,4,4,0,0.5828536905880485,1.1356816935164358,410.5,1.118033988749895,4
4,1,3,0,0.7173000558589896,0.8504115019622963,412.0,0.0,1
4,1,3,0,0.7173000558589896,0.8504115019622963,412.0,0.0,1
6,2,4,0,0.7744742000475526,0.8569177145190467,412.5,0.5,2
5,1,4,0,0.9023301561828703,0.7874744508413485,413.0,0.0,1
7,1,6,0,0.7073159514305493,0.7003603773610767,413.0,0.0,1
7,2,5,0,0.5647767639408509,0.6099255340434064,414.0,1.0,2
9,3,6,0,0.48788692196831107,0.5595594089298528,419.0,7.118052168020874,3
7,2,5,0,0.37537407657752436,0.3743575192519584,422.0,7.0,2
6,2,4,0,0.39812460001558064,0.40628406905063763,422.0,7.0,2
4,2,2,0,0.17172052804380655,0.24136283473575043,422.0,7.0,2
4,2,2,0,0.058334805692235626,0.08051918305141151,430.5,0.5,2
4,2,2,0,0.058334805692235626,0.08051918305141151,430.5,0.5,2
6,3,3,0,0.37102547511458395,0.6573474197774751,431.3333333333333,1.247219128924647,3
6,3,3,0,0.37102547511458395,0.6573474197774751,431.3333333333333,1.247219128924647,3
12,6,6,0,0.3725787424905734,0.615609667563801,433.1666666666667,2.1147629234082532,6
8,4,4,0,0.3206177203516875,0.551270669308177,434.5,1.118033988749895,4
8,4,4,0,0.3206177203516875,0.551270669308177,434.5,1.118033988749895,4
6,3,3,0,0.12473680842667818,0.17094466485166798,435.0,0.816496580927726,3
8,4,4,0,0.6075404821229833,1.242106045334547,435.5,1.118033988749895,4
4,2,2,0,1.1857914027447503,1.6751923176424712,437.5,0.5,2
6,3,3,0,0.7595546500757336,1.400670727842501,438.0,0.816496580927726,3
4,2,2,0,0.08047401408354442,0.1117586110007751,438.5,0.5,2
10,4,4,0,0.3234286250339614,0.7466046336346671,438.0,0.7071067811865476,4
10,4,4,0,0.3234286250339614,0.7466046336346671,438.0,0.7071067811865476,4
12,5,5,0,0.4155628484758464,0.7797620123115255,438.2,0.7483314773547883,5
10,4,4,0,0.23910659717188942,0.49774707897508025,438.0,0.7071067811865476,4
10,4,4,0,0.23910659717188942,0.49774707897508025,438.0,0.7071067811865476,4
4,2,2,0,0.09518105536699295,0.13334713475956408,438.5,0.5,2
8,4,4,0,0.570295976208789,1.1462533389367835,439.5,1.118033988749895,4
6,3,3,0,0.3287354167550802,0.5009132255546709,441.0,0.816496580927726,3
8,4,4,0,0.3097697678687317,0.44650947488727954,441.5,1.118033988749895,4
8,4,4,0,0.3097697678687317,0.44650947488727954,441.5,1.118033988749895,4
11,5,5,0,0.47700312081724405,0.809563767343781,441.6,1.019803902718557,5
10,4,4,0,0.40209310181025004,0.8041776613685457,442.0,0.7071067811865476,4
8,3,3,0,0.44235410128853153,0.897082717121687,442.0,0.816496580927726,3
6,2,2,0,0.09865886680781841,0.19616758982388416,441.5,0.5,2
6,2,2,0,0.09865886680781841,0.19616758982388416,441.5,0.5,2
5,2,2,0,1.0894101979210973,1.8857915087834534,441.5,0.5,2
4,2,2,0,0.16271522175520658,0.22851976484438316,442.5,0.5,2
4,2,2,0,0.16271522175520658,0.22851976484438316,442.5,0.5,2
4,2,2,0,0.16271522175520658,0.22851976484438316,442.5,0.5,2
4,2,2,0,0.16271522175520658,0.22851976484438316,442.5,0.5,2
3,1,2,0,1.5397182712331414,1.5388502711430192,444.0,0.0,1
3,1,2,0,1.5397182712331414,1.5388502711430192,444.0,0.0,1
4,2,2,0,0.7848144719998041,1.1084429047190125,457.0,11.0,2
4,2,2,0,0.7848144719998041,1.1084429047190125,457.0,11.0,2
5,2,3,0,1.001971083227545,1.0309972047324811,457.0,11.0,2
6,2,3,0,0.5817051500082016,0.7218867103236778,461.5,6.5,2
8,3,4,0,0.505306708360357,0.6441274176797473,459.6666666666667,5.90668171555645,3
6,2,3,0,0.3764712501317263,0.4998246291483141,455.5,0.5,2
7,2,4,0,0.6052742013707757,0.6855225518278268,455.5,0.5,2
6,2,3,0,0.47623859997838736,0.6811962157244201,455.5,0.5,2
3,1,2,0,0.8750531040132046,0.8742358535528183,456.0,0.0,1
4,1,3,0,1.5022220415994525,1.5966895205905203,469.0,0.0,1
3,1,2,0,0.3965639164671302,0.395836416631937,469.0,0.0,1
7,3,4,0,0.45194799996291596,0.5298494207597982,470.0,0.816496580927726,3
13,6,7,0,0.3006920972838998,0.4184457910035015,471.5,1.707825127659933,6
14,7,7,0,0.26557349363485205,0.39659201540623384,472.0,2.0,7
12,6,6,0,0.18373913258652796,0.2223057308249648,472.5,1.707825127659933,6
14,7,7,0,0.3671823012141081,0.7193989666798175,473.0,2.0,7
10,5,5,0,0.43596257859220106,0.8435207129056289,474.0,1.4142135623730951,5
11,5,5,0,0.45976832089945674,0.8499295855345907,475.8,0.7483314773547882,5
9,4,4,0,0.2307052343385294,0.4102136857125974,476.0,0.7071067811865476,4
11,5,5,0,0.3575664457865059,0.590211240145719,476.4,1.019803902718557,5
9,4,4,0,0.28922705724835396,0.5595471866988272,476.5,1.118033988749895,4
10,4,5,0,0.4892780092648334,0.7736071381762307,476.5,1.118033988749895,4
6,2,3,0,0.6244882749393582,0.8329692906149474,477.5,0.5,2
7,2,4,0,0.7076010832873484,0.7827751233999174,477.5,0.5,2
7,2,4,0,0.5164014791759352,0.5165317752424331,481.5,4.5,2
11,4,6,0,0.4345027749426663,0.48173665403957716,484.5,4.387482193696061,4
10,4,5,0,0.3688010879688793,0.46334508235035776,484.5,4.387482193696061,4
11,5,6,0,0.38797655841335654,0.4659613778733331,488.0,1.4142135623730951,5
14,7,7,0,0.3040312724904372,0.4146970368557481,489.0,2.0,7
16,8,8,0,0.24422236109773318,0.35735274201893247,490.5,2.29128784747792,8
15,7,7,0,0.21883565772856986,0.3110062872229749,491.7142857142857,1.665986255670086,7
19,9,9,0,0.22826946526765823,0.3083410278968241,492.3333333333333,1.8856180831641267,9
17,8,8,0,0.2624549297033809,0.3888184554212856,493.5,1.5,8
17,8,8,0,0.2572365937521681,0.3851548140874531,495.0,1.7320508075688772,8
15,7,7,0,0.2977180684517537,0.4293975363401981,496.0,2.0,7
12,6,6,0,0.31292243183336477,0.4493877329555107,496.5,1.707825127659933,6
8,4,4,0,0.2630908868408629,0.3922784780537562,497.5,1.118033988749895,4
7,3,4,0,0.7603238263788322,1.1420353594755146,498.0,0.816496580927726,3
3,1,2,0,1.5748506458476186,1.5739838546141982,499.0,0.0,1
3,1,2,0,0.8162716459482908,0.8150263959541917,504.0,0.0,1
3,1,2,0,0.8162716459482908,0.8150263959541917,504.0,0.0,1
3,1,2,0,0.8162716459482908,0.8150263959541917,504.0,0.0,1
6,0,6,0,0.08487081676721572,0.04739701968283614,0.0,0.0,0
11,0,11,0,0.11739065004512668,0.11710260560163883,0.0,0.0,0
11,0,11,0,0.11739065004512668,0.11710260560163883,0.0,0.0,0
11,0,11,0,0.11739065004512668,0.11710260560163883,0.0,0.0,0
11,0,11,0,0.11739065004512668,0.11710260560163883,0.0,0.0,0
5,0,5,0,0.08278344781138003,0.07937512443605349,0.0,0.0,0
6,3,3,0,0.08207630012184382,0.09930102858429668,506.0,0.816496580927726,3
8,4,4,0,0.2594434879720211,0.4757228415084405,506.5,1.118033988749895,4
11,5,5,0,0.2713472290895879,0.460060309191144,506.6,1.019803902718557,5
13,6,6,0,0.26669399649836123,0.4316028168875027,507.0,1.2909944487358056,6
13,6,6,0,0.3389417777458827,0.48221194049959276,507.8333333333333,1.3437096247164249,6
11,5,5,0,0.4149817916564643,0.5774251197521836,509.0,1.4142135623730951,5
9,4,4,0,0.4069368072086945,0.6056032302094616,509.25,1.479019945774904,4
6,3,3,0,0.5530618583783508,0.706171461800127,510.0,0.816496580927726,3
4,2,2,0,0.5692983608072003,0.8030187959285412,510.5,0.5,2
6,3,3,0,0.21658374164253474,0.2769316560593955,513.0,0.816496580927726,3
8,4,4,0,0.35968810107026783,0.5026681479254499,513.5,1.118033988749895,4
10,5,5,0,0.3863262730754084,0.4994737806438462,514.0,1.4142135623730951,5
10,5,5,0,0.3863262730754084,0.4994737806438462,514.0,1.4142135623730951,5
8,4,4,0,0.4003988988697529,0.5363164159547185,514.5,1.118033988749895,4
4,2,2,0,0.3200058611109853,0.44978972683791435,515.5,0.5,2
4,2,2,0,1.2006913193811972,1.6953963466704935,516.5,0.5,2
10,5,5,0,0.3794005278290974,0.8657713097180668,519.0,1.4142135623730951,5
14,7,7,0,0.33148798074286717,0.7383290640456833,520.0,2.0,7
12,6,6,0,0.13599932566285133,0.1908835338294655,520.5,1.707825127659933,6
16,8,8,0,0.22688798053810993,0.3858255299323065,521.5,2.29128784747792,8
18,9,9,0,0.2581950048642123,0.4088963042491445,522.0,2.581988897471611,9
12,6,6,0,0.42687893184748565,0.5323779733738263,524.5,1.707825127659933,6
10,5,5,0,0.30981681475208867,0.4306348719649479,526.0,1.4142135623730951,5
11,5,6,0,0.3982668874785304,0.4871473000488208,526.0,1.4142135623730951,5
9,4,5,0,0.4563386458903551,0.5349259667138687,527.75,1.479019945774904,4
9,4,5,0,0.40720783337019384,0.4837686508384664,532.25,6.869315832017043,4
7,3,4,0,0.5046152708431085,0.5194273871823545,534.0,7.118052168020874,3
5,2,3,0,0.4581056770402938,0.4692573257580032,537.0,7.0,2
4,2,2,0,0.255528347256283,0.3597957089799582,537.0,7.0,2
6,3,3,0,0.9592889167368412,1.8344993962865905,545.0,0.816496580927726,3
6,3,3,0,0.10675369165837764,0.14343140385184783,546.0,0.816496580927726,3
6,3,3,0,0.10675369165837764,0.14343140385184783,546.0,0.816496580927726,3
8,4,4,0,0.46317779179662466,0.9247372565325179,546.5,1.118033988749895,4
8,4,4,0,0.46317779179662466,0.9247372565325179,546.5,1.118033988749895,4
4,2,2,0,0.9032684583216906,1.2754324854965027,547.5,0.5,2
9,4,5,0,0.2502881509717554,0.4152173423487891,550.5,1.118033988749895,4
10,4,6,0,0.3451178472282158,0.4745425708719919,550.5,1.118033988749895,4
10,4,6,0,0.3451178472282158,0.4745425708719919,550.5,1.118033988749895,4
9,4,5,0,0.22440414596349,0.34956158821981465,550.5,1.118033988749895,4
9,4,5,0,0.22440414596349,0.34956158821981465,550.5,1.118033988749895,4
4,2,2,0,0.06942129166175921,0.09630296067116263,553.5,0.5,2
4,2,2,0,0.06942129166175921,0.09630296067116263,553.5,0.5,2
4,2,2,0,0.06942129166175921,0.09630296067116263,553.5,0.5,2
4,2,2,0,0.06942129166175921,0.09630296067116263,553.5,0.5,2
4,2,2,0,0.06942129166175921,0.09630296067116263,553.5,0.5,2
4,2,2,0,0.7617125691225132,1.07503065853759,555.5,0.5,2
6,3,3,0,0.772929141484201,0.9706847921354526,556.0,0.816496580927726,3
6,3,3,0,0.772929141484201,0.9706847921354526,556.0,0.816496580927726,3
6,2,4,0,0.6429359331727028,0.6655261629512426,556.5,0.5,2
11,2,9,0,0.44583705412223934,0.522042985383817,556.5,0.5,2
11,1,10,0,0.3706647416576743,0.34515526636116056,557.0,0.0,1
9,0,9,0,0.30135168228298426,0.1427756614729079,0.0,0.0,0
12,1,11,0,0.41370541661639104,0.3802595620538568,558.0,0.0,1
16,1,15,0,0.32237496934831145,0.35681558204809655,558.0,0.0,1
13,1,12,0,0.34556086796025437,0.3862758419804579,558.0,0.0,1
11,1,10,0,0.22905067494139075,0.20530269223611886,558.0,0.0,1
11,1,10,0,0.22905067494139075,0.20530269223611886,558.0,0.0,1
8,0,8,0,0.15783968434802123,0.08766847795752539,0.0,0.0,0
4,2,2,0,0.8095326386392117,1.1432900668917751,559.5,0.5,2
4,2,2,0,0.8095326386392117,1.1432900668917751,559.5,0.5,2
4,2,2,0,0.8095326386392117,1.1432900668917751,559.5,0.5,2
6,2,4,0,0.4572018083184958,0.48319645755872576,561.5,0.5,2
10,4,6,0,0.31494030563367736,0.4043354533161904,562.5,1.118033988749895,4
14,6,8,0,0.3171827948580568,0.38267669549799116,563.5,1.707825127659933,6
13,6,7,0,0.2485382534408321,0.3120704373279856,563.5,1.707825127659933,6
13,6,7,0,0.3077683576072256,0.4656184545076201,563.5,1.707825127659933,6
10,4,6,0,0.49720187495566076,0.5848575185534691,564.5,1.118033988749895,4
10,4,6,0,0.5115843935766153,0.5881085665207567,566.5,1.118033988749895,4
10,4,6,0,0.32967448151773876,0.4281805002994583,568.5,1.118033988749895,4
12,5,7,0,0.3485612576319413,0.43088784870670477,569.0,1.4142135623730951,5
13,6,7,0,0.331218382033209,0.45129978203970456,569.5,1.707825127659933,6
12,6,6,0,0.2853800758550113,0.4438167187103703,569.5,1.707825127659933,6
8,4,4,0,0.3688274286687374,0.5286959182369148,570.5,1.118033988749895,4
4,2,2,0,0.48242963912586373,0.6805362126021032,571.5,0.5,2
5,1,3,0,0.27847112505696714,0.4758705799196684,571.0,0.0,1
5,1,3,0,0.27847112505696714,0.4758705799196684,571.0,0.0,1
6,1,4,0,0.5262938166037202,0.6533196712547186,571.0,0.0,1
8,2,5,0,0.5686495177713888,0.6625848284249884,571.5,0.5,2
6,2,3,0,0.5746187083423138,0.7028170616298517,571.5,0.5,2
4,1,3,0,1.2830361804614465,1.0213091453429781,572.0,0.0,1
4,1,3,0,1.2830361804614465,1.0213091453429781,572.0,0.0,1
8,3,4,0,0.5653094703863774,0.8896768978222862,571.6666666666666,0.4714045207910317,3
7,2,4,0,0.42078902091210085,0.5174992553136567,571.5,0.5,2
9,3,5,0,0.4304244895465672,0.5035635753772013,572.0,0.816496580927726,3
8,3,4,0,0.3186517440314804,0.43572500891116805,572.0,0.816496580927726,3
8,3,4,0,0.3186517440314804,0.43572500891116805,572.0,0.816496580927726,3
3,1,2,0,0.4593308954499662,0.45801152056083083,573.0,0.0,1
4,1,2,1,0.34356273617595434,0.4808003037802249,400.0,0.0,1
8,3,4,1,0.3325061786121556,0.4544277416148973,401.0,0.816496580927726,3
10,4,5,1,0.2849021852016449,0.41420617130927145,401.5,1.118033988749895,4
10,4,5,1,0.2849021852016449,0.41420617130927145,401.5,1.118033988749895,4
10,5,5,0,0.39331093513303333,0.6539840432261369,402.0,1.4142135623730951,5
10,5,5,0,0.389966939886411,0.6507802937137507,403.2,1.7204650534085253,5
8,4,4,0,0.6311461308172771,0.7740699923856615,405.0,1.5811388300841898,4
10,5,5,0,0.3963697592003478,0.5179794124231091,406.8,1.7204650534085253,5
12,6,6,0,0.4197003901512785,0.5214153376624749,407.3333333333333,1.9720265943665387,6
10,5,5,0,0.398775194461147,0.5210866456125354,408.0,1.4142135623730951,5
10,5,5,0,0.4131219583666987,0.5489898090886224,409.0,1.4142135623730951,5
10,5,5,0,0.43894963887416655,0.5754752233985381,410.0,1.4142135623730951,5
9,4,4,0,0.5016115781618282,0.6526807892889411,411.0,0.7071067811865476,4
13,5,5,0,0.2640800070172797,0.459604658535754,410.6,1.019803902718557,5
15,6,6,0,0.3201487351075879,0.5111832475809246,410.5,0.9574271077563381,6
17,7,7,0,0.2537786719040014,0.43746992989486827,410.7142857142857,1.0301575072754257,7
17,7,7,0,0.25674467714270577,0.4450975453152804,410.85714285714283,1.2453996981544782,7
14,6,6,0,0.2820179263273111,0.4804894365407384,410.8333333333333,1.3437096247164249,6
10,5,5,0,0.43445026388184893,0.6468334910661061,412.0,1.4142135623730951,5
10,5,5,0,0.5208652454117934,0.6906663500424945,413.0,1.4142135623730951,5
10,5,5,0,0.4260972177402841,0.6118596468353583,415.0,1.4142135623730951,5
12,6,6,0,0.27992715525694867,0.38746794477870805,416.5,1.707825127659933,6
13,6,7,0,0.34680069439734024,0.4322189608912276,416.5,1.707825127659933,6
13,6,7,0,0.3333118089940399,0.40715801145865665,417.6666666666667,1.9720265943665387,6
11,5,6,0,0.35593120409175755,0.4316006483039808,418.2,1.7204650534085253,5
9,4,5,0,0.5532995468238369,0.7224535963866094,423.25,6.869315832017043,4
5,2,3,0,0.7810091562569141,0.8611314788562665,428.0,7.0,2
4,2,2,0,0.693073027767241,0.9786719816812467,428.0,7.0,2
4,2,2,0,0.0686392638211449,0.09523188280109994,436.5,0.5,2
6,3,3,0,0.1087449999526143,0.13809171893631797,437.0,0.816496580927726,3
6,3,3,0,0.1087449999526143,0.13809171893631797,437.0,0.816496580927726,3
8,4,4,0,0.4525312440735953,0.8944342737124621,437.75,1.479019945774904,4
8,4,4,0,0.4525312440735953,0.8944342737124621,437.75,1.479019945774904,4
4,2,2,0,0.8751507221410671,1.2357780486289636,439.0,1.0,2
4,2,2,0,0.9279240416362882,1.3106528540428473,440.5,0.5,2
4,2,2,0,0.9279240416362882,1.3106528540428473,440.5,0.5,2
6,3,3,0,0.6087844584137201,0.9858147266021432,442.0,0.816496580927726,3
6,3,3,0,0.6087844584137201,0.9858147266021432,442.0,0.816496580927726,3
6,3,3,0,0.46881876680999995,0.713624873113235,443.0,0.816496580927726,3
8,4,4,0,0.5332952857549701,0.7152923435308396,443.5,1.118033988749895,4
8,4,4,0,0.5332952857549701,0.7152923435308396,443.5,1.118033988749895,4
6,3,3,0,0.5705810416489839,0.6981917670216953,445.0,0.816496580927726,3
8,4,4,0,0.6194823213985988,0.7148665683960405,445.5,1.118033988749895,4
6,3,3,0,0.589511533267796,0.7209517830628324,446.0,0.816496580927726,3
4,2,2,0,0.4948500692844391,0.6985095914891428,446.5,0.5,2
4,2,2,0,0.4948500692844391,0.6985095914891428,446.5,0.5,2
4,2,2,0,1.3752674584587414,1.9436029061039246,447.5,0.5,2
4,2,2,0,0.4631529441103339,0.6532348722759286,448.5,0.5,2
6,3,3,0,0.6065950416028499,0.7464710073695201,449.0,0.816496580927726,3
6,3,3,0,0.6065950416028499,0.7464710073695201,449.0,0.816496580927726,3
4,2,2,0,0.5483075277879834,0.7746572887518327,449.5,0.5,2
6,3,3,0,0.9197576582431793,1.2000046012871035,450.0,0.816496580927726,3
8,4,4,0,0.5838370118290186,1.015862389142538,451.5,1.118033988749895,4
6,3,3,0,0.2265851916745305,0.3537143955112067,452.0,0.816496580927726,3
7,3,4,0,0.36263305554166436,0.4436289752040545,452.0,0.816496580927726,3
7,3,4,0,0.36263305554166436,0.4436289752040545,452.0,0.816496580927726,3
7,3,4,0,0.5795831458332638,0.8187253183872298,453.3333333333333,1.247219128924647,3
3,1,2,0,1.1075863540172577,1.1066068541258574,455.0,0.0,1
5,2,3,0,1.108381416881457,1.1071719293188491,466.0,11.0,2
4,2,2,0,0.7397774864609042,1.0444922903862168,466.0,11.0,2
8,4,4,0,0.6251162321173719,0.904557201785987,472.25,9.98436277385793,4
6,3,3,0,0.43158429991453884,0.7234543050066715,478.0,0.816496580927726,3
6,3,3,0,0.43158429991453884,0.7234543050066715,478.0,0.816496580927726,3
4,2,2,0,0.09865030522147815,0.13842586918390035,478.5,0.5,2
4,2,2,0,0.09865030522147815,0.13842586918390035,478.5,0.5,2
6,3,3,0,0.494463549926877,0.747547946544401,482.0,0.816496580927726,3
8,4,4,0,0.4045695654515709,0.6544947426207836,482.5,1.118033988749895,4
10,5,5,0,0.5013811666932371,0.7228228268381184,483.2,1.7204650534085253,5
10,5,5,0,0.3666204722184274,0.5314742480260991,484.4,1.8547236990991407,5
11,5,6,0,0.42545112082734704,0.5341982737010037,484.4,1.8547236990991407,5
9,4,5,0,0.5860986979678273,0.6395720323884557,486.25,1.479019945774904,4
9,4,5,0,0.524113692692481,0.5484526064515167,487.5,1.118033988749895,4
11,5,6,0,0.4078788417391479,0.5105667735118763,489.0,1.4142135623730951,5
11,5,6,0,0.4248973582871258,0.5308566415167998,490.0,1.4142135623730951,5
14,7,7,0,0.2727252019282717,0.40196730833257804,491.0,2.0,7
14,7,7,0,0.29176120194964683,0.44797420045535247,492.14285714285717,2.2314999074019015,7
12,6,6,0,0.31721927657384763,0.4783583419047479,492.6666666666667,1.9720265943665387,6
10,5,5,0,0.4277478333355652,0.6509176595036503,494.4,1.8547236990991407,5
8,4,4,0,0.49022985103407074,0.7175261899775065,495.0,1.5811388300841898,4
4,2,2,0,0.5960003193467855,0.841696435483674,496.5,0.5,2
3,1,2,0,1.3914321037009358,1.3905670214444399,497.0,0.0,1
4,1,3,0,1.3655686664084594,1.1359822162031137,497.0,0.0,1
3,0,3,0,0.5158786047250032,0.2875018548220396,0.0,0.0,0
4,0,4,0,0.8342388058081269,0.5077512313637942,0.0,0.0,0
6,0,6,0,0.6909972669556737,0.44443412364076385,0.0,0.0,0
7,0,7,0,0.760023930730919,0.4340792670776257,0.0,0.0,0
6,0,6,0,0.9329398000612855,0.4094176448442567,0.0,0.0,0
6,0,6,0,0.8177010415121913,0.311032661486085,0.0,0.0,0
6,0,6,0,0.8377821832895279,0.3026702261561525,0.0,0.0,0
4,0,4,0,0.9270798886815707,0.15929284893315349,0.0,0.0,0
3,0,3,0,0.8224635203368962,0.07230189489200711,0.0,0.0,0
4,2,2,0,0.22597975004464388,0.3180569459171027,514.0,15.0,2
4,2,2,0,0.22597975004464388,0.3180569459171027,514.0,15.0,2
4,2,2,0,0.22597975004464388,0.3180569459171027,514.0,15.0,2
4,2,2,0,0.22597975004464388,0.3180569459171027,514.0,15.0,2
5,0,5,0,0.4083778955973685,0.24534247475964185,0.0,0.0,0
12,0,12,0,0.2724267726933414,0.2110242754887613,0.0,0.0,0
13,0,13,0,0.26415016665123403,0.20389662100788308,0.0,0.0,0
12,0,12,0,0.22119908712126993,0.1523670848411821,0.0,0.0,0
13,1,12,0,0.35515168751589954,0.6211560031594657,526.0,0.0,1
10,1,9,0,0.379228916640083,0.709827924006714,526.0,0.0,1
5,2,3,0,1.198344770586118,1.196947605971082,526.5,0.5,2
6,3,3,0,0.5150498999282718,0.9508015613108284,527.0,0.816496580927726,3
8,4,4,0,0.5186335416510701,0.8513689947736057,527.75,1.479019945774904,4
8,4,4,0,0.3355270118585655,0.4823613047527543,529.0,1.5811388300841898,4
10,5,5,0,0.35592504621793825,0.4718677119926655,529.6,1.8547236990991407,5
8,4,4,0,0.4349519700876304,0.5063958893821503,530.25,1.479019945774904,4
10,5,5,0,0.47934563437269795,0.6434014299524511,532.0,1.4142135623730951,5
10,5,5,0,0.4563260878332787,0.6230197208390986,533.0,1.4142135623730951,5
8,4,4,0,0.4648104939343674,0.6684550198198906,533.5,1.118033988749895,4
8,4,4,0,0.4763033034812127,0.6932556540399186,534.5,1.118033988749895,4
9,4,5,0,0.5650134114548564,0.6896479967511648,534.5,1.118033988749895,4
7,3,4,0,0.7385186388467749,0.7793427946923461,536.3333333333334,1.247219128924647,3
7,3,4,0,0.5248623054164151,0.5527746186056889,547.3333333333334,14.636332266733433,3
7,3,4,0,0.5248623054164151,0.5527746186056889,547.3333333333334,14.636332266733433,3
6,2,4,0,0.8847558915615081,0.9196563806017007,553.0,15.0,2
7,2,5,0,0.6601309028143684,0.8526752607879031,553.0,15.0,2
5,1,4,0,0.8160652397200465,0.9783078881827865,568.0,0.0,1
5,1,4,0,0.7406773751135916,0.8523959438125712,515.0,0.0,1
5,1,4,0,0.7406773751135916,0.8523959438125712,515.0,0.0,1
5,1,4,0,1.0088820834644139,0.7964302254990473,515.0,0.0,1
5,2,3,0,0.6787889269180596,0.6826570517624803,523.5,8.5,2
7,3,4,0,0.5286981109529734,0.6106599979753429,538.6666666666666,22.543784558547888,3
5,2,3,0,0.48290535411797464,0.6013012347657428,550.5,18.5,2
5,2,3,0,0.48290535411797464,0.6013012347657428,550.5,18.5,2
7,3,3,0,0.7055256110616028,1.3803684770666542,556.3333333333334,17.211107524567446,3
8,3,3,0,0.6763678452532206,1.304465178352494,567.0,2.160246899469287,3
15,5,5,0,0.14215997320466808,0.2652179120916254,560.6,4.882622246293481,5
18,6,6,0,0.16015987251611316,0.28286349323394433,559.5,5.090841449767088,6
18,6,6,0,0.16015987251611316,0.28286349323394433,559.5,5.090841449767088,6
15,5,5,0,0.1262590921750026,0.21893022820065183,557.8,3.709447398198282,5
12,4,4,0,0.12938973476940935,0.23295597776343557,556.25,2.277608394786075,4
8,3,3,0,0.5898591250713382,1.208612051396278,554.0,0.816496580927726,3
7,3,3,0,0.287040395817409,0.428044541955455,567.3333333333334,18.87385022252275,3
7,3,3,0,0.287040395817409,0.428044541955455,567.3333333333334,18.87385022252275,3
7,3,3,0,0.287040395817409,0.428044541955455,567.3333333333334,18.87385022252275,3
8,3,4,0,0.5647567738113659,0.7872774984393632,567.3333333333334,18.87385022252275,3
6,2,3,0,0.7320444164797664,0.9293205201199127,583.5,10.5,2
5,1,3,0,0.6829781667329371,0.6809468271993564,573.0,0.0,1
5,1,3,0,0.6829781667329371,0.6809468271993564,573.0,0.0,1
5,1,3,0,0.6829781667329371,0.6809468271993564,573.0,0.0,1
5,1,3,0,0.8817905725445598,0.9358566327323409,573.0,0.0,1
4,1,3,0,1.1374177777518828,0.9052695244939083,594.0,0.0,1
3,1,2,0,0.5978708961047232,0.5966044380329549,594.0,0.0,1
3,1,2,0,0.5978708961047232,0.5966044380329549,594.0,0.0,1
3,1,2,0,0.5978708961047232,0.5966044380329549,594.0,0.0,1
4,2,2,0,1.3891874027128022,1.9632490053626426,594.5,0.5,2
6,3,3,0,0.20391543339937926,0.27949355682831384,596.0,0.816496580927726,3
8,4,4,0,0.26920530958367245,0.34571807960507506,596.5,1.118033988749895,4
14,7,7,0,0.2777220641191189,0.4199721389588134,598.0,2.0,7
14,7,7,0,0.2777220641191189,0.4199721389588134,598.0,2.0,7
16,8,8,0,0.321432275014619,0.5466087259532753,599.5,2.29128784747792,8
14,7,7,0,0.3089367917094093,0.5606660382551687,601.0,2.0,7
12,6,6,0,0.23998442046682944,0.5048325610412309,601.5,1.707825127659933,6
6,3,3,0,0.09843068346381187,0.1409646980301662,603.0,0.816496580927726,3
6,3,3,0,0.09843068346381187,0.1409646980301662,603.0,0.816496580927726,3
5,2,2,0,1.1579374899156392,2.0015586015911255,603.5,0.5,2
6,2,2,0,0.17815620843321084,0.35010888188946016,602.5,0.5,2
10,4,4,0,0.14397922220329443,0.2730382759153946,603.0,0.7071067811865476,4
10,4,4,0,0.14397922220329443,0.2730382759153946,603.0,0.7071067811865476,4
11,5,4,0,0.3543182834051549,0.6821125978230326,603.2,0.7483314773547883,5
8,4,3,0,0.37980239279568195,0.767825314714374,603.25,0.82915619758885,4
5,3,2,0,0.600011729169637,0.9530046980641578,603.6666666666666,0.4714045207910317,3
4,1,2,0,0.35854937477658194,0.5036296957919836,603.0,0.0,1
4,1,2,0,0.35854937477658194,0.5036296957919836,603.0,0.0,1
6,2,3,0,0.6201386248692871,0.8151672356818214,603.5,0.5,2
6,2,3,0,0.6201386248692871,0.8151672356818214,603.5,0.5,2
5,2,2,0,0.5074766147881746,0.8758757817657961,603.5,0.5,2
4,2,2,0,0.7973984725152453,1.1263212466788706,392.5,0.5,2
8,4,4,0,0.38368302397429943,0.8217987588672004,393.5,1.118033988749895,4
8,4,4,0,0.38368302397429943,0.8217987588672004,393.5,1.118033988749895,4
6,3,3,0,0.058934041671454905,0.07384373551376062,394.0,0.816496580927726,3
6,3,3,0,0.058934041671454905,0.07384373551376062,394.0,0.816496580927726,3
4,2,2,0,0.03871608339250088,0.053692162314667835,394.5,0.5,2
4,2,2,0,0.14000515267252922,0.19562931736054226,397.0,1.0,2
4,2,2,0,0.14000515267252922,0.19562931736054226,397.0,1.0,2
4,2,2,0,0.14000515267252922,0.19562931736054226,397.0,1.0,2
8,4,4,0,0.5630401665610927,0.8838795547032636,398.25,1.479019945774904,4
10,5,5,0,0.4782068889795078,0.7999538721864842,398.8,1.7204650534085253,5
6,3,3,0,0.26225865855813024,0.3693039872024722,400.0,0.816496580927726,3
10,5,5,0,0.4213429630423586,0.6101283099399988,401.0,1.4142135623730951,5
10,5,5,0,0.4213429630423586,0.6101283099399988,401.0,1.4142135623730951,5
8,4,4,0,0.5922945773761187,0.77711940900298,402.5,1.118033988749895,4
8,4,4,0,0.43736324392791304,0.5879193796639319,403.5,1.118033988749895,4
8,4,4,0,0.43736324392791304,0.5879193796639319,403.5,1.118033988749895,4
10,5,5,0,0.37762271768103045,0.5532778139128037,406.0,1.4142135623730951,5
12,6,6,0,0.3372319886799563,0.5119572854725201,406.5,1.707825127659933,6
16,7,7,0,0.28363714727262657,0.4876193708297853,407.14285714285717,1.2453996981544782,7
17,7,7,0,0.21152445051120594,0.33421702339684484,407.2857142857143,1.0301575072754257,7
19,8,8,0,0.2612102129496634,0.4086728402849193,407.25,0.9682458365518543,8
15,6,6,0,0.31000767555087805,0.4678155016091937,407.5,0.9574271077563381,6
15,6,6,0,0.30748269946447443,0.4636385927872016,407.5,0.9574271077563381,6
11,5,5,0,0.4361073709093034,0.5459219264282457,408.0,1.4142135623730951,5
10,5,5,0,0.36462861578911543,0.47261623292117716,409.0,1.4142135623730951,5
9,4,5,0,0.44083832297474146,0.5129644822306455,409.5,1.118033988749895,4
11,5,6,0,0.4257347625680268,0.5215088541139398,414.0,6.6332495807108,5
9,4,5,0,0.3862527604214847,0.49734749451593313,415.25,6.869315832017043,4
7,3,4,0,0.47535302784914774,0.5416991492534392,417.0,7.118052168020874,3
5,2,3,0,0.45229167700745165,0.550822102500647,420.0,7.0,2
4,2,2,0,0.15299568076928458,0.21500607281545164,420.0,7.0,2
6,3,3,0,0.07243186682462692,0.08738273716920783,429.0,0.816496580927726,3
6,3,3,0,0.07243186682462692,0.08738273716920783,429.0,0.816496580927726,3
6,3,3,0,0.07243186682462692,0.08738273716920783,429.0,0.816496580927726,3
8,4,4,0,0.4686427977202194,1.0017620076496883,429.75,1.479019945774904,4
8,4,4,0,0.4686427977202194,1.0017620076496883,429.75,1.479019945774904,4
4,2,2,0,0.6861336945245663,0.9669445146344239,432.5,0.5,2
4,2,2,0,0.6861336945245663,0.9669445146344239,432.5,0.5,2
4,2,2,0,0.6861336945245663,0.9669445146344239,432.5,0.5,2
6,3,3,0,0.48993483316153286,0.8897015738129058,434.0,0.816496580927726,3
8,4,4,0,0.5655890475692493,0.8613409669685677,434.5,1.118033988749895,4
8,4,4,0,0.30083654754395994,0.513080412049721,435.5,1.118033988749895,4
8,4,4,0,0.30083654754395994,0.513080412049721,435.5,1.118033988749895,4
10,5,5,0,0.5321508610828055,0.8896071404665991,436.0,1.4142135623730951,5
6,3,3,0,0.6193760501220822,1.0435963821157492,437.0,0.816496580927726,3
6,3,3,0,0.9000631667673588,1.1345494023151075,438.0,0.816496580927726,3
4,2,2,0,0.6054966390753785,0.8547341092619232,438.5,0.5,2
6,3,3,0,0.728597916662693,0.8911578944982081,439.0,0.816496580927726,3
4,2,2,0,0.6091873335341612,0.8602655325722907,439.5,0.5,2
6,3,3,0,0.6762533001601696,0.831786184116863,440.0,0.816496580927726,3
6,3,3,0,0.6583615580573678,0.8070420099048348,441.0,0.816496580927726,3
10,5,5,0,0.5006589628756046,0.6605422881324634,442.0,1.4142135623730951,5
10,5,5,0,0.35134581486797994,0.5480337432918657,443.0,1.4142135623730951,5
11,5,6,0,0.4793664916418493,0.646382648701681,443.0,1.4142135623730951,5
9,4,5,0,0.38222999998833984,0.5357105284112962,443.5,1.118033988749895,4
9,4,5,0,0.5815171875292435,0.7809942245123357,444.75,1.479019945774904,4
7,3,4,0,0.7007726319134235,0.8475979426794862,453.6666666666667,10.873004286866726,3
5,2,3,0,0.6430195937864482,0.8574913546161416,458.0,11.0,2
4,2,2,0,0.16094749979674816,0.22542082669408303,458.0,11.0,2
4,2,2,0,0.16094749979674816,0.22542082669408303,458.0,11.0,2
4,1,2,0,0.7195587220291296,1.0153468776206285,456.0,0.0,1
6,2,3,0,0.6743115831166506,0.8763515297315022,456.5,0.5,2
6,2,3,0,0.6743115831166506,0.8763515297315022,456.5,0.5,2
6,2,3,0,0.7105633918195963,0.9384234386797391,456.5,0.5,2
6,2,3,0,0.7105633918195963,0.9384234386797391,456.5,0.5,2
3,1,2,0,1.1691359793767333,1.1675989795476198,457.0,0.0,1
3,0,3,0,1.8450057916343212,1.2624817080795765,0.0,0.0,0
5,1,4,0,0.4212524478789419,0.24437245896291865,458.0,0.0,1
8,2,5,0,0.39323088087673697,0.3766661421941722,457.5,0.5,2
10,3,6,0,0.36227300928698647,0.35754565417783835,461.6666666666667,5.90668171555645,3
13,5,7,0,0.3403220729281505,0.4184778471129827,465.6,6.651315659326356,5
12,5,6,0,0.3176716629585082,0.4299855262696371,465.6,6.651315659326356,5
11,5,5,0,0.3692288083024323,0.5940146340743535,468.8,6.046486583132389,5
8,4,4,0,0.45429690474910395,0.6751650531615107,471.75,1.479019945774904,4
12,6,6,0,0.4201959924433719,0.7335250570415841,474.1666666666667,2.1147629234082532,6
10,5,5,0,0.3768217916496926,0.6625127058566715,476.2,1.7204650534085253,5
12,6,6,0,0.3556867992844094,0.6110258118775748,476.8333333333333,2.1147629234082532,6
11,5,6,0,0.2871380333788693,0.3647016670081538,477.4,1.8547236990991407,5
11,5,6,0,0.2871380333788693,0.3647016670081538,477.4,1.8547236990991407,5
7,3,4,0,0.5632336457880834,0.6675659563880874,480.0,0.816496580927726,3
5,2,3,0,0.7145597187336534,0.7524317192639706,480.5,0.5,2
3,1,2,0,0.8844454996287823,0.8827918339520693,481.0,0.0,1
4,2,2,0,1.2319999719038606,1.7400847460219118,481.5,0.5,2
8,4,4,0,0.6444516249799302,1.261590811946652,482.5,1.118033988749895,4
6,3,3,0,0.16333125829696654,0.23578171625636973,483.0,0.816496580927726,3
8,4,4,0,0.4219964881028448,0.7296467361203515,483.75,1.479019945774904,4
10,5,5,0,0.3923391897438301,0.6599385922890082,484.4,1.8547236990991407,5
9,4,5,0,0.5118112500058487,0.7259334341284541,485.0,1.5811388300841898,4
6,2,4,0,0.6236352417618036,0.5710942612046795,486.5,0.5,2
6,2,4,0,0.6236352417618036,0.5710942612046795,486.5,0.5,2
8,3,5,0,0.6546199941741568,0.5878811922035391,498.3333333333333,14.636332266733431,3
6,2,4,0,0.6816146668046713,0.5864370685539824,504.0,15.0,2
5,2,3,0,0.5104065937921405,0.5322823713917406,504.0,15.0,2
4,2,2,0,0.2672939030453563,0.3759666327180118,504.0,15.0,2
4,2,2,0,0.2672939030453563,0.3759666327180118,504.0,15.0,2
8,4,4,0,0.08650886906044823,0.10264038668646383,521.5,1.118033988749895,4
8,4,4,0,0.08650886906044823,0.10264038668646383,521.5,1.118033988749895,4
10,5,5,0,0.2286699999951654,0.44229791096592896,522.0,1.4142135623730951,5
10,5,5,0,0.2286699999951654,0.44229791096592896,522.0,1.4142135623730951,5
10,5,5,0,0.2286699999951654,0.44229791096592896,522.0,1.4142135623730951,5
3,1,1,0,0.0021582916378974915,0.00039283372461795807,523.0,0.0,1
3,1,1,0,0.0021582916378974915,0.00039283372461795807,523.0,0.0,1
3,1,1,0,0.0021582916378974915,0.00039283372461795807,523.0,0.0,1
9,4,4,0,0.38232329161837697,0.8779988588595372,524.5,1.118033988749895,4
9,4,4,0,0.38232329161837697,0.8779988588595372,524.5,1.118033988749895,4
6,3,3,0,0.07144358325749636,0.08579699155131332,525.0,0.816496580927726,3
6,3,3,0,0.07144358325749636,0.08579699155131332,525.0,0.816496580927726,3
6,3,3,0,0.07144358325749636,0.08579699155131332,525.0,0.816496580927726,3
3,1,1,0,0.0013597914949059486,7.087364792823792e-07,525.0,0.0,1
15,5,5,0,0.07761379757097789,0.1382948231299663,523.0,1.4142135623730951,5
18,6,6,0,0.10020734062966179,0.18130913982031435,522.5,1.707825127659933,6
23,8,8,0,0.14078105681321837,0.2678460023230034,521.75,1.984313483298443,8
27,10,10,0,0.1381788685774574,0.2522036314430055,521.7,1.7916472867168918,10
26,10,10,0,0.17002952996641396,0.29417669109719696,521.6,1.624807680927192,10
16,7,7,0,0.27937214442839226,0.4487158102570769,521.5714285714286,2.0603150145508513,7
13,6,6,0,0.2576763055597742,0.42750642416815626,521.8333333333334,2.1147629234082532,6
8,4,4,0,0.3518739880195686,0.5250435896191977,523.0,1.5811388300841898,4
4,2,2,0,0.47033805555353564,0.6628909718958245,524.5,0.5,2
3,1,2,0,0.9241544785909355,0.9228755212388933,526.0,0.0,1
5,2,3,0,0.8048791561741382,0.8210017947598051,526.5,0.5,2
7,3,4,0,0.5698383262691399,0.7503871317778299,527.0,0.816496580927726,3
12,6,6,0,0.2854591514068571,0.4474238819849009,528.5,1.707825127659933,6
14,7,7,0,0.30592700316069216,0.4454670502292633,529.1428571428571,2.231499907401901,7
14,7,7,0,0.2429771666200115,0.33470639221642406,530.2857142857143,2.3733211036908783,7
13,6,7,0,0.3346486493634681,0.40389431359510153,530.8333333333334,2.1147629234082532,6
11,5,6,0,0.3009518042206764,0.37226459379645344,531.4,1.8547236990991407,5
7,3,4,0,0.6660565625255307,0.8605486592333554,534.0,0.816496580927726,3
5,2,3,0,0.8609915939159691,0.9793376119120053,534.5,0.5,2
3,1,2,0,1.1926931040361524,1.1915815211832523,535.0,0.0,1
21,7,7,0,0.04615789172239602,0.10931791377842306,531.0,2.0,7
42,14,14,0,0.04558362602824118,0.09582413218119316,527.5,4.031128874149275,14
48,16,16,0,0.05003649559109769,0.09933845104844544,526.5,4.6097722286464435,16
56,20,20,0,0.07044036063280973,0.13891150385496365,525.5,4.6097722286464435,20
58,21,21,0,0.08570378876634334,0.18423727609232957,525.4285714285714,4.510003997162505,21
41,16,16,0,0.10933350522536785,0.20723466942805238,523.0,2.345207879911715,16
22,10,10,0,0.19580826784173647,0.2933085039163561,522.7,2.6095976701399777,10
20,10,10,0,0.2298396557177368,0.332855108262523,524.5,2.8722813232690143,10
12,6,6,0,0.22875114394859833,0.33377705845434263,526.5,1.707825127659933,6
14,7,7,0,0.34729344225846803,0.5247639425475437,528.2857142857143,2.3733211036908783,7
10,5,5,0,0.39473558331115377,0.5861769747293428,529.4,1.8547236990991407,5
8,4,4,0,0.3650636190016355,0.6059592893399582,530.0,1.5811388300841898,4
5,2,3,0,0.7128510312177241,0.9476962836483721,531.5,0.5,2
7,3,4,0,0.6751767916915318,0.8491440434459628,532.0,0.816496580927726,3
3,1,2,0,0.599828312639147,0.5986353126354516,533.0,0.0,1
3,1,2,0,0.599828312639147,0.5986353126354516,533.0,0.0,1
3,1,2,0,0.599828312639147,0.5986353126354516,533.0,0.0,1
3,1,2,0,0.4682682501152158,0.4669763334095478,550.0,0.0,1
7,3,4,0,0.3757045554618041,0.48980291429348227,551.0,0.816496580927726,3
7,3,4,0,0.3757045554618041,0.48980291429348227,551.0,0.816496580927726,3
7,3,4,0,0.3757045554618041,0.48980291429348227,551.0,0.816496580927726,3
6,3,3,0,0.2637965498492122,0.4612459902257564,551.0,0.816496580927726,3
6,3,3,0,0.7913144584745169,1.5141845552699327,552.3333333333334,1.247219128924647,3
8,4,4,0,0.38783772609063555,0.7814511701509876,555.5,1.118033988749895,4
10,5,5,0,0.4129718703528245,0.7298186585266134,556.0,1.4142135623730951,5
8,4,4,0,0.20378804153629712,0.33794302735308007,556.5,1.118033988749895,4
8,4,4,0,0.20378804153629712,0.33794302735308007,556.5,1.118033988749895,4
10,5,5,0,0.5467379489499662,1.0852725068096705,557.0,1.4142135623730951,5
4,2,2,0,1.1651628334075212,1.6459741162253334,558.5,0.5,2
5,1,3,0,0.6170641251374036,0.6340255784295026,558.0,0.0,1
7,2,4,0,0.4968772361365457,0.5643371631699089,558.5,0.5,2
7,2,4,0,0.4968772361365457,0.5643371631699089,558.5,0.5,2
7,2,4,0,0.6216876387285689,0.7256185751760089,558.5,0.5,2
6,2,3,0,0.4566057831048965,0.6843351997607776,558.5,0.5,2
9,4,5,0,0.5313370572403073,0.7740705196963156,560.5,1.118033988749895,4
7,3,4,0,0.4135928195901215,0.695559330109744,561.0,0.816496580927726,3
9,4,5,0,0.5134624793427065,0.7465120718561922,561.75,1.479019945774904,4
10,5,5,0,0.4086968008842733,0.6303108994018284,562.4,1.8547236990991407,5
11,5,6,0,0.4660567792132497,0.6222331965906137,562.4,1.8547236990991407,5
5,2,3,0,0.6239782711490989,0.6494524571163731,564.5,0.5,2
9,4,5,0,0.5392670781584457,0.6037745009584164,575.25,17.210098779495716,4
8,3,5,0,0.5874599940808756,0.5685857455415037,579.0,18.40289832245635,3
7,2,5,0,0.582636083321025,0.54959921044456,586.0,19.0,2
8,3,5,0,0.49610825601433006,0.5426865425559252,575.3333333333334,21.63844315615664,3
9,3,6,0,0.5523354947799817,0.52898545792097,575.3333333333334,21.63844315615664,3
7,2,5,0,0.6239863402831057,0.5251899457860811,569.5,15.5,2
6,2,4,0,0.675227708183229,0.5614581981591235,569.5,15.5,2
6,2,4,0,0.7168763833120465,0.6118489808438589,569.5,15.5,2
6,2,4,0,0.7433405166491867,0.6241321421952917,587.0,2.0,2
6,2,4,0,0.6819710168987513,0.598088212024741,587.0,2.0,2
7,2,4,0,0.51596630566443,0.5262235421284345,588.5,0.5,2
7,2,4,0,0.51596630566443,0.5262235421284345,588.5,0.5,2
6,2,3,0,0.4033908499404788,0.5062154286067382,588.5,0.5,2
4,1,2,0,0.39913600000242394,0.5618118302011115,588.0,0.0,1
3,1,1,0,0.0018754168413579464,0.0009412919171154499,588.0,0.0,1
3,0,3,0,2.4215574376285076,2.212488438002765,0.0,0.0,0
3,0,3,0,1.9586299788206816,0.8888056874275208,0.0,0.0,0
4,2,2,0,1.4589442775274317,2.061557780860682,601.5,0.5,2
6,3,3,0,0.153147641569376,0.22253536306248856,603.0,0.816496580927726,3
6,3,3,0,0.153147641569376,0.22253536306248856,603.0,0.816496580927726,3
8,4,4,0,0.37691099994948934,0.6405979354732684,603.75,1.479019945774904,4
10,5,5,0,0.40699512956457007,0.6166903664598165,604.4,1.8547236990991407,5
9,4,5,0,0.5704507760237902,0.7210952318327405,605.0,1.5811388300841898,4
5,2,3,0,0.6255337812472135,0.6443790716633704,606.5,0.5,2
5,2,3,0,0.6255337812472135,0.6443790716633704,606.5,0.5,2
3,1,2,0,0.7389338752254844,0.7373760417103767,607.0,0.0,1
3,0,3,0,0.6903729164041579,0.2547593335621059,0.0,0.0,0
6,1,4,0,0.5214309750124813,0.49351475451757637,606.0,0.0,1
8,2,5,0,0.45274746431303875,0.4561665627123067,606.5,0.5,2
9,2,6,0,0.49785558332223445,0.4430802840609138,606.5,0.5,2
13,5,7,0,0.34469489582503837,0.4615512724934193,608.0,1.4142135623730951,5
16,7,8,0,0.2725925666590532,0.395072279575829,609.0,2.0,7
15,7,8,0,0.2677427588828972,0.39529529145884357,610.0,2.0,7
15,7,8,0,0.2798597112830196,0.41400251562948265,611.0,2.0,7
14,7,7,0,0.208448464767291,0.33643517215291163,611.0,2.0,7
10,5,5,0,0.38063855552011067,0.6467864859331698,613.0,1.4142135623730951,5
6,3,3,0,0.5977855833247304,0.7985029982408959,614.0,0.816496580927726,3
4,2,2,0,0.6681151806066433,0.9431901079888982,614.5,0.5,2
4,1,2,1,0.5866828334207336,0.8281171862601521,329.0,0.0,1
4,1,2,1,0.5866828334207336,0.8281171862601521,329.0,0.0,1
8,3,4,1,0.6093544285478336,0.8888359752103984,330.0,0.816496580927726,3
8,4,4,0,0.3904418453041996,0.7581167791711372,330.5,1.118033988749895,4
8,4,4,0,0.3904418453041996,0.7581167791711372,330.5,1.118033988749895,4
10,5,5,0,0.3476780740958121,0.6474174539023652,332.2,1.7204650534085253,5
10,5,5,0,0.3476780740958121,0.6474174539023652,332.2,1.7204650534085253,5
8,4,4,0,0.5969069820961782,0.8145064972734342,334.0,1.5811388300841898,4
6,3,3,0,0.41224057506769896,0.6018819529821795,334.6666666666667,1.247219128924647,3
12,6,6,0,0.4246929734945297,0.613215753747946,336.3333333333333,1.9720265943665387,6
8,4,4,0,0.37314560716705664,0.5957819195924277,337.5,1.118033988749895,4
12,6,6,0,0.42149629164487123,0.6267110030504673,338.5,1.707825127659933,6
10,5,5,0,0.3223092869545023,0.5091072266946628,339.0,1.4142135623730951,5
10,5,5,0,0.3223092869545023,0.5091072266946628,339.0,1.4142135623730951,5
8,4,4,0,0.42134966674659935,0.7353271739551096,341.5,1.118033988749895,4
12,6,6,0,0.38206154929304664,0.6186651435088781,342.5,1.707825127659933,6
8,4,4,0,0.23357071434812887,0.2804115308467246,343.5,1.118033988749895,4
8,4,4,0,0.23357071434812887,0.2804115308467246,343.5,1.118033988749895,4
12,6,6,0,0.42180868187411263,0.658420672064167,344.5,1.707825127659933,6
8,4,4,0,0.5276386845590813,0.7850465693377033,345.5,1.118033988749895,4
10,5,5,0,0.3174680509707994,0.43270159106233347,348.0,1.4142135623730951,5
10,5,5,0,0.3174680509707994,0.43270159106233347,348.0,1.4142135623730951,5
11,5,6,0,0.4120640709064901,0.49904234600497555,348.0,1.4142135623730951,5
9,4,5,0,0.4579607187770307,0.5801429984635665,349.5,1.118033988749895,4
13,6,7,0,0.3954353160224855,0.5102561901073859,353.0,6.454972243679028,6
7,3,4,0,0.43039683330183226,0.5426578560238527,357.0,7.118052168020874,3
7,3,4,0,0.43039683330183226,0.5426578560238527,357.0,7.118052168020874,3
6,3,3,0,0.2166164169088006,0.2813550423330234,357.0,7.118052168020874,3
4,2,2,0,0.12810166676839194,0.17799836136292432,360.0,7.0,2
4,2,2,0,0.05680624985446533,0.07777097115270237,368.5,0.5,2
4,2,2,0,0.05680624985446533,0.07777097115270237,368.5,0.5,2
4,2,2,0,0.05680624985446533,0.07777097115270237,368.5,0.5,2
5,2,2,0,1.0400306875817478,1.70432600396694,368.5,0.5,2
8,3,3,0,0.6435971429039326,1.377111685400665,368.0,0.816496580927726,3
12,5,5,0,0.16624380682002415,0.2647356540040447,368.4,1.019803902718557,5
12,5,5,0,0.16624380682002415,0.2647356540040447,368.4,1.019803902718557,5
12,5,5,0,0.16624380682002415,0.2647356540040447,368.4,1.019803902718557,5
11,5,5,0,0.18268200410529972,0.2722519155509437,368.4,1.019803902718557,5
10,5,5,0,0.5011871435369054,1.0315649313281139,370.2,1.7204650534085253,5
4,2,2,0,0.2265751805777351,0.3188036189343807,372.0,1.0,2
6,3,3,0,0.4880626667290926,0.6875718796603084,372.6666666666667,1.247219128924647,3
8,4,4,0,0.5428057976865343,0.6903676351562826,373.25,1.479019945774904,4
8,4,4,0,0.5428057976865343,0.6903676351562826,373.25,1.479019945774904,4
4,2,2,0,0.453467541684707,0.6395364676306797,374.5,0.5,2
4,2,2,0,0.453467541684707,0.6395364676306797,374.5,0.5,2
8,4,4,0,0.4524881547050817,0.7987231779595425,377.5,1.118033988749895,4
8,4,4,0,0.4524881547050817,0.7987231779595425,377.5,1.118033988749895,4
6,3,3,0,0.16225681658834218,0.21145445714388963,378.0,0.816496580927726,3
8,4,4,0,0.5469004761959825,1.0247702493746973,378.5,1.118033988749895,4
8,4,4,0,0.5469004761959825,1.0247702493746973,378.5,1.118033988749895,4
8,4,4,0,0.29501110102449146,0.41540726783867515,381.5,1.118033988749895,4
8,4,4,0,0.29501110102449146,0.41540726783867515,381.5,1.118033988749895,4
10,5,5,0,0.40164947220020825,0.5541966030759269,382.0,1.4142135623730951,5
12,6,6,0,0.3251896742731333,0.4578114960821824,383.5,1.707825127659933,6
16,8,8,0,0.3020020472506682,0.423135487406818,384.5,2.29128784747792,8
11,5,6,0,0.35139872087165713,0.4463391133170505,386.0,1.4142135623730951,5
11,5,6,0,0.35139872087165713,0.4463391133170505,386.0,1.4142135623730951,5
9,4,5,0,0.3560899532167241,0.47053588903514026,386.5,1.118033988749895,4
7,3,4,0,0.7019973193916181,0.9805658661310219,388.0,0.816496580927726,3
5,2,3,0,0.7974445729050785,1.0644514803172296,389.5,0.5,2
9,4,4,0,0.25608782819472253,0.3636404488550951,389.75,0.82915619758885,4
11,5,5,0,0.25418807920068504,0.3432881142229403,394.4,9.32952303175248,5
11,5,5,0,0.25418807920068504,0.3432881142229403,394.4,9.32952303175248,5
9,4,4,0,0.2432687864638865,0.35310809266643406,395.75,9.98436277385793,4
7,3,3,0,0.15345197916030884,0.21633923807950514,397.6666666666667,10.873004286866726,3
4,2,2,0,0.05936675022045771,0.08185467036546154,414.5,0.5,2
4,2,2,0,0.05936675022045771,0.08185467036546154,414.5,0.5,2
6,3,3,0,0.4548505749553442,0.8228206843656756,415.3333333333333,1.247219128924647,3
6,3,3,0,0.4548505749553442,0.8228206843656756,415.3333333333333,1.247219128924647,3
4,2,2,0,0.6992743055646619,0.9869126866339929,416.0,1.0,2
6,3,3,0,0.14969513323158026,0.21193387590065288,419.0,0.816496580927726,3
8,4,4,0,0.2695044166009341,0.40007817590213696,419.75,1.479019945774904,4
8,4,4,0,0.2695044166009341,0.40007817590213696,419.75,1.479019945774904,4
10,5,5,0,0.3654198333000143,0.5152590189095487,420.4,1.8547236990991407,5
11,5,6,0,0.45042563751339915,0.5513406856568326,420.4,1.8547236990991407,5
9,4,5,0,0.49160588532686234,0.5882003664655765,423.5,1.118033988749895,4
9,4,5,0,0.34563830215483904,0.47927073921141483,424.5,1.118033988749895,4
9,4,5,0,0.34563830215483904,0.47927073921141483,424.5,1.118033988749895,4
10,4,5,0,0.4128609953655137,0.7040450590206145,425.0,0.7071067811865476,4
13,6,6,0,0.3525723472703248,0.6244235803607873,425.5,0.9574271077563381,6
13,6,6,0,0.39938127078736824,0.6233870833523082,426.8333333333333,1.3437096247164249,6
15,7,7,0,0.2644376577809453,0.3490663925821325,428.14285714285717,2.2314999074019015,7
17,8,8,0,0.28786934120580554,0.3685302850641273,428.75,2.6339134382131846,8
15,7,8,0,0.3355758363114936,0.3899173135032939,429.2857142857143,2.3733211036908783,7
12,5,7,0,0.3890615265647119,0.4167922549960797,430.4,1.8547236990991407,5
10,4,6,0,0.5286275556104051,0.48743519502624594,432.5,1.8027756377319946,4
8,3,5,0,0.5116736370005778,0.4797689899705899,444.3333333333333,14.636332266733431,3
6,2,4,0,0.4928384916856885,0.4436197073409943,450.0,15.0,2
5,2,3,0,0.43785718735307455,0.480503212055923,450.0,15.0,2
4,2,2,0,0.19752961117774248,0.27715532392536174,450.0,15.0,2
4,2,2,0,0.05512877771010002,0.07596673529184338,466.5,0.5,2
10,4,4,0,0.1660554444210397,0.34705187499727513,466.0,0.7071067811865476,4
12,5,5,0,0.15692649239843542,0.31826405392914126,466.0,0.6324555320336759,5
12,5,5,0,0.15692649239843542,0.31826405392914126,466.0,0.6324555320336759,5
12,5,5,0,0.15692649239843542,0.31826405392914126,466.0,0.6324555320336759,5
8,3,3,0,0.062214202247560024,0.09655477893763251,465.6666666666667,0.4714045207910317,3
4,2,2,0,1.2996013195564349,1.8359879621287352,467.5,1.5,2
4,2,2,0,0.7012183613454303,0.9899682765519063,470.0,1.0,2
4,2,2,0,0.7012183613454303,0.9899682765519063,470.0,1.0,2
4,2,2,0,0.7012183613454303,0.9899682765519063,470.0,1.0,2
4,2,2,0,1.1195710971951485,1.581919272235581,471.5,0.5,2
4,2,2,0,1.1195710971951485,1.581919272235581,471.5,0.5,2
3,1,2,0,0.9165652501396835,0.9159306674264371,472.0,0.0,1
3,1,2,0,0.9165652501396835,0.9159306674264371,472.0,0.0,1
3,1,2,0,0.9165652501396835,0.9159306674264371,472.0,0.0,1
4,1,2,0,0.6102408195535342,0.861189052964462,471.0,0.0,1
6,2,3,0,0.4903619667515159,0.7105473459192735,471.5,0.5,2
7,2,4,0,0.7210107152350247,0.8286890258388935,471.5,0.5,2
6,2,3,0,0.499583650007844,0.7279360758777135,471.5,0.5,2
6,2,3,0,0.499583650007844,0.7279360758777135,471.5,0.5,2
7,3,4,0,0.7961571874717871,0.9618930334310549,473.0,0.816496580927726,3
7,3,4,0,0.614843916768829,0.8357960588724735,474.0,0.816496580927726,3
6,3,3,0,0.2668043334037066,0.33388134553805615,474.0,0.816496580927726,3
8,4,4,0,0.49493230959134443,0.7301878026362777,474.5,1.118033988749895,4
12,6,6,0,0.3679538181220943,0.6159188437810749,475.5,1.707825127659933,6
11,6,5,0,0.4390257582999766,0.6562496277935543,477.6666666666667,1.9720265943665387,6
10,5,5,0,0.25120322685688734,0.35473408880273744,478.2,1.7204650534085253,5
12,6,6,0,0.3139723068611188,0.4302459820107669,478.8333333333333,2.1147629234082532,6
11,5,6,0,0.44887095838785174,0.5566654664387934,479.4,1.8547236990991407,5
9,4,5,0,0.5766155781457201,0.6175129062918258,481.25,1.479019945774904,4
6,2,4,0,0.7956294249743223,0.6550615829408206,482.5,0.5,2
5,2,3,0,0.6966130312066525,0.6981123588881634,482.5,0.5,2
3,1,2,0,0.6527600204572082,0.6513976454734802,483.0,0.0,1
6,3,3,0,0.33869710844010115,0.5340657926223606,485.0,0.816496580927726,3
6,3,3,0,0.33869710844010115,0.5340657926223606,485.0,0.816496580927726,3
10,5,5,0,0.37382246771206457,0.562720701531165,486.0,1.4142135623730951,5
10,5,5,0,0.37382246771206457,0.562720701531165,486.0,1.4142135623730951,5
8,4,4,0,0.2833214762753674,0.4842468136934482,486.5,1.118033988749895,4
4,2,2,0,0.07948869466781616,0.11105612101416842,487.5,0.5,2
4,2,2,0,0.07948869466781616,0.11105612101416842,487.5,0.5,2
4,1,2,1,0.3359982917706172,0.4737939816847792,288.0,0.0,1
4,1,2,1,0.3359982917706172,0.4737939816847792,288.0,0.0,1
10,4,5,1,0.3968544907660948,0.637222877011935,289.5,1.118033988749895,4
10,4,5,1,0.3968544907660948,0.637222877011935,289.5,1.118033988749895,4
8,4,4,0,0.3663865358435682,0.6676310929577276,289.5,1.118033988749895,4
6,3,3,0,0.11847047507762909,0.14382032037791515,290.0,0.816496580927726,3
8,4,4,0,0.6064023928982871,1.2493889109343739,290.75,1.479019945774904,4
6,3,3,0,0.15529019180685283,0.2115150600763952,295.0,0.816496580927726,3
15,6,6,0,0.11336572920637471,0.17289226268021185,294.5,0.9574271077563381,6
15,6,6,0,0.11336572920637471,0.17289226268021185,294.5,0.9574271077563381,6
19,8,8,0,0.20643354636720485,0.3529326691929753,294.5,0.8660254037844386,8
21,9,9,0,0.19836599798873067,0.33797928338035965,294.6666666666667,0.9428090415820634,9
19,8,8,0,0.23907880091832745,0.41355727184181307,295.25,1.5612494995995996,8
12,6,6,0,0.30807368558916176,0.4101488235445121,296.5,1.707825127659933,6
14,7,7,0,0.30575446154062563,0.3943012212790904,297.0,2.0,7
10,5,5,0,0.32593648146010107,0.4209863313084668,298.0,1.4142135623730951,5
8,4,4,0,0.24666206538677216,0.310078425157982,298.5,1.118033988749895,4
4,2,2,0,0.19573793032517037,0.275127638368792,299.5,0.5,2
8,4,4,0,0.4404028095304966,0.925649952581945,302.5,1.118033988749895,4
17,7,7,0,0.26556547137442976,0.6599624692547036,302.2857142857143,1.0301575072754257,7
18,7,7,0,0.11800500241053455,0.21488901505456728,302.14285714285717,1.2453996981544782,7
18,7,7,0,0.11800500241053455,0.21488901505456728,302.14285714285717,1.2453996981544782,7
20,8,8,0,0.24295145832002163,0.5940692712565704,302.0,1.224744871391589,8
16,6,6,0,0.30192808335026106,0.6812433361938383,301.5,0.9574271077563381,6
11,5,5,0,0.43941607093438506,0.7969237510951764,302.0,1.4142135623730951,5
12,6,6,0,0.26934941290793096,0.38906927200078734,303.5,1.707825127659933,6
13,6,7,0,0.3061086284772803,0.3919489287768246,303.5,1.707825127659933,6
13,6,7,0,0.3049452603639414,0.38965265759834466,304.6666666666667,1.9720265943665387,6
13,6,7,0,0.35883346176706254,0.4334900886131218,308.0,6.454972243679028,6
9,4,5,0,0.3774207343813032,0.4498484465765305,310.25,6.869315832017043,4
5,2,3,0,0.525266895769164,0.526056194788776,315.0,7.0,2
4,2,2,0,0.3306179304296772,0.46629098347483755,315.0,7.0,2
4,2,2,0,0.10213561138759057,0.14193953596917255,323.5,0.5,2
6,3,3,0,0.10278095845133066,0.12755412678416841,324.0,0.816496580927726,3
8,4,4,0,0.3299298870510289,0.6084883258644723,324.75,1.479019945774904,4
10,5,5,0,0.3672990416073137,0.5894475479910494,325.4,1.8547236990991407,5
14,7,7,0,0.2938125032501725,0.5075969681324184,326.57142857142856,2.4411439272335804,7
10,5,5,0,0.36746280091918176,0.58900276146311,327.8,1.7204650534085253,5
8,4,4,0,0.2159043333626219,0.3362954801108677,328.5,1.118033988749895,4
10,5,5,0,0.45216804628984797,0.9900032281560424,330.0,1.4142135623730951,5
10,5,5,0,0.44594350922852755,0.9913551417203288,331.0,1.4142135623730951,5
6,3,3,0,0.10691321659833193,0.13388965702769484,332.0,0.816496580927726,3
8,4,4,0,0.44669187494686674,0.8833721071938001,332.5,1.118033988749895,4
8,4,4,0,0.44669187494686674,0.8833721071938001,332.5,1.118033988749895,4
4,2,2,0,0.8647252914185325,1.22053664595779,333.5,0.5,2
6,3,3,0,0.35476231686770915,0.44113425445695387,336.0,0.816496580927726,3
6,3,3,0,0.35476231686770915,0.44113425445695387,336.0,0.816496580927726,3
6,3,3,0,0.35476231686770915,0.44113425445695387,336.0,0.816496580927726,3
8,4,4,0,0.6538021250494889,0.9606233139317394,336.5,1.118033988749895,4
8,4,4,0,0.595358595252037,0.9490155708490873,337.5,1.118033988749895,4
4,2,2,0,0.2042678197224935,0.2871269254050747,338.5,0.5,2
6,3,3,0,0.5579054167494177,0.8426527204038794,339.0,0.816496580927726,3
6,3,3,0,0.5579054167494177,0.8426527204038794,339.0,0.816496580927726,3
6,3,3,0,0.8573066832497716,1.0487588967933272,340.0,0.816496580927726,3
6,3,3,0,0.6581802416592837,0.8564090403279907,341.0,0.816496580927726,3
6,3,3,0,0.6581802416592837,0.8564090403279907,341.0,0.816496580927726,3
8,4,4,0,0.4846472678972142,0.5785273464503886,342.5,1.118033988749895,4
11,5,6,0,0.4479257042519748,0.5283562811889871,343.0,1.4142135623730951,5
9,4,5,0,0.41222156246658415,0.505669972413225,343.5,1.118033988749895,4
11,5,6,0,0.34782237922772763,0.4140769884793166,349.6,9.789790600416334,5
11,5,6,0,0.34782237922772763,0.4140769884793166,349.6,9.789790600416334,5
7,3,4,0,0.4074145625345409,0.448732989855071,353.6666666666667,10.873004286866726,3
4,2,2,0,0.1525530001769463,0.21408748494796126,358.0,11.0,2
4,2,2,0,0.1525530001769463,0.21408748494796126,358.0,11.0,2
6,3,3,0,0.09106134176254273,0.11172719634288683,371.0,0.816496580927726,3
6,3,3,0,0.09106134176254273,0.11172719634288683,371.0,0.816496580927726,3
6,3,3,0,0.09106134176254273,0.11172719634288683,371.0,0.816496580927726,3
6,3,3,0,0.09106134176254273,0.11172719634288683,371.0,0.816496580927726,3
6,3,3,0,0.9567550918087363,1.7853776307503524,372.3333333333333,1.247219128924647,3
8,3,3,0,0.55704188679478,1.1967435678952538,372.3333333333333,1.247219128924647,3
14,5,5,0,0.1276997788451039,0.18934490055422817,370.4,1.019803902718557,5
18,7,7,0,0.127360105404959,0.17793714150169956,370.7142857142857,1.0301575072754257,7
20,8,8,0,0.15536962282892905,0.22623280139111193,371.25,1.713913650100261,8
20,8,8,0,0.15536962282892905,0.22623280139111193,371.25,1.713913650100261,8
16,7,7,0,0.30614318332324425,0.610492492188324,372.0,2.7255405754769875,7
8,4,4,0,0.4847743334248662,0.8336425806039395,373.75,2.384848003542364,4
7,3,3,0,0.6737222778610885,0.9787825661116456,375.6666666666667,0.9428090415820634,3
7,3,3,0,0.4581379305260877,0.6611368963266163,376.3333333333333,0.9428090415820634,3
10,4,4,0,0.4359343472040362,0.627828745673376,376.0,1.0,4
10,4,4,0,0.34455368978281814,0.49541155125875636,376.0,1.0,4
10,4,4,0,0.34455368978281814,0.49541155125875636,376.0,1.0,4
8,3,4,0,0.5685994940410767,0.7348157969699523,376.3333333333333,0.9428090415820634,3
7,2,4,0,0.7321432361689707,0.8134205324977548,376.0,1.0,2
9,1,8,0,0.573769083363004,0.7287832451199373,377.0,0.0,1
9,0,9,0,0.38391495833639055,0.4728201612713292,0.0,0.0,0
9,0,9,0,0.38391495833639055,0.4728201612713292,0.0,0.0,0
11,1,9,0,0.315888745803386,0.47397258573603684,369.0,0.0,1
14,3,10,0,0.3118442211013574,0.5076544272934094,370.0,0.816496580927726,3
11,4,6,0,0.46742923334240916,0.6439733862206356,370.75,1.479019945774904,4
9,4,4,0,0.3450599428033456,0.5618045917650965,370.75,1.479019945774904,4
9,4,4,0,0.3450599428033456,0.5618045917650965,370.75,1.479019945774904,4
6,3,3,0,0.2983505083248019,0.5346999315382468,371.3333333333333,1.247219128924647,3
4,2,2,0,1.216175250088175,1.7181252814604697,373.5,0.5,2
6,3,3,0,0.16009535007178782,0.212989278850568,375.0,0.816496580927726,3
8,4,4,0,0.31522051790463074,0.4830669893513816,375.75,1.479019945774904,4
8,4,4,0,0.31522051790463074,0.4830669893513816,375.75,1.479019945774904,4
8,4,4,0,0.31522051790463074,0.4830669893513816,375.75,1.479019945774904,4
7,3,4,0,0.7593000762475034,1.0736068361625764,376.3333333333333,1.247219128924647,3
5,2,3,0,0.9693518646527082,1.1780689430806148,378.5,0.5,2
4,1,3,0,0.5253046667203307,0.40527400074192593,379.0,0.0,1
6,2,4,0,0.6224415419623256,0.5898050233228768,379.5,0.5,2
7,2,5,0,0.6830400140024722,0.5552049279459055,379.5,0.5,2
8,3,5,0,0.603806892809059,0.5805293522816066,380.0,0.816496580927726,3
10,4,6,0,0.45786843521313536,0.5574439780868722,381.5,1.118033988749895,4
9,4,5,0,0.32323862495832145,0.43181024769018295,381.5,1.118033988749895,4
14,6,7,0,0.304415695512524,0.5332015073755982,382.5,0.9574271077563381,6
15,7,7,0,0.28404818448637215,0.5217468394614683,382.85714285714283,1.2453996981544782,7
17,8,8,0,0.2799081249977462,0.497058225629849,384.0,1.7320508075688772,8
13,6,6,0,0.201045003409187,0.32376834201553195,384.5,1.707825127659933,6
15,7,7,0,0.34395488391497303,0.6465948019835321,385.0,2.0,7
8,4,4,0,0.453441607100623,0.8161914418478381,386.5,1.118033988749895,4
8,4,4,0,0.6527291786457811,0.9666523513360938,387.75,1.479019945774904,4
4,2,2,0,0.6419310833637913,0.9061409578962716,389.0,1.0,2
4,2,2,0,0.6419310833637913,0.9061409578962716,389.0,1.0,2
4,2,2,0,1.037796111156543,1.4661981214415714,390.5,0.5,2
4,1,3,0,0.5035961527998248,0.5021025699993305,391.0,0.0,1
4,1,3,0,0.5035961527998248,0.5021025699993305,391.0,0.0,1
8,3,5,0,0.555719178569104,0.6585276470491175,402.3333333333333,14.636332266733431,3
8,3,5,0,0.555719178569104,0.6585276470491175,402.3333333333333,14.636332266733431,3
6,2,4,0,0.5399028083309532,0.6819568290652708,408.0,15.0,2
4,2,2,0,0.17895670824994644,0.25153159889782906,408.0,15.0,2
4,2,2,0,0.17895670824994644,0.25153159889782906,408.0,15.0,2
4,2,2,0,0.10841718036681414,0.1510749500691793,424.5,0.5,2
4,2,2,0,0.10841718036681414,0.1510749500691793,424.5,0.5,2
6,3,3,0,0.4492983749136329,0.7456183209371855,426.0,2.160246899469287,3
6,3,3,0,0.4492983749136329,0.7456183209371855,426.0,2.160246899469287,3
6,3,3,0,0.4492983749136329,0.7456183209371855,426.0,2.160246899469287,3
4,2,2,0,0.9246029720331231,1.3055860737239875,430.0,1.0,2
4,2,2,0,0.9246029720331231,1.3055860737239875,430.0,1.0,2
4,2,2,0,1.1091216802597046,1.5666435308237054,431.5,0.5,2
5,2,3,0,1.1381289476994425,1.357683037088107,431.5,0.5,2
5,1,4,0,0.61974065634422,0.4550297064148449,432.0,0.0,1
5,1,4,0,0.61974065634422,0.4550297064148449,432.0,0.0,1
5,1,4,0,0.61974065634422,0.4550297064148449,432.0,0.0,1
7,2,5,0,0.6589005903030435,0.829452335435265,433.5,0.5,2
8,3,5,0,0.6848530060212527,0.834355323228289,439.3333333333333,8.259674462242577,3
6,3,3,0,0.31270118337124586,0.4901335959979268,439.3333333333333,8.259674462242577,3
6,3,3,0,0.31270118337124586,0.4901335959979268,439.3333333333333,8.259674462242577,3
6,3,3,0,0.31270118337124586,0.4901335959979268,439.3333333333333,8.259674462242577,3
6,3,3,0,0.4558361999690533,0.7095660798410449,453.0,0.816496580927726,3
6,3,3,0,0.4558361999690533,0.7095660798410449,453.0,0.816496580927726,3
8,4,4,0,0.5476238988339901,0.7434728503469147,454.0,1.8708286933869707,4
6,3,3,0,0.39945525005459787,0.6014407136107889,454.6666666666667,1.699673171197595,3
6,3,3,0,0.39945525005459787,0.6014407136107889,454.6666666666667,1.699673171197595,3
7,3,3,0,0.5121614721914133,1.0732374304192793,456.6666666666667,0.4714045207910317,3
7,3,3,0,0.5121614721914133,1.0732374304192793,456.6666666666667,0.4714045207910317,3
7,3,3,0,0.31790121536081034,0.6398589697866766,457.3333333333333,1.247219128924647,3
9,4,4,0,0.3777928958879784,0.6285706530759063,458.0,1.5811388300841898,4
10,4,5,0,0.4388719398735298,0.6172893522389078,458.0,1.5811388300841898,4
9,4,5,0,0.4699205104261637,0.5686496863047571,460.5,1.118033988749895,4
9,4,5,0,0.4699205104261637,0.5686496863047571,460.5,1.118033988749895,4
9,4,5,0,0.4866949737770483,0.5888572918538431,461.5,1.118033988749895,4
8,3,5,0,0.5427855416866285,0.5908285002472009,462.0,0.816496580927726,3
9,4,5,0,0.5179875730536878,0.6608808190637466,462.5,1.118033988749895,4
6,2,4,0,0.7408065583556891,0.6883481507189595,463.5,0.5,2
9,2,7,0,0.5894800468813628,0.5782402092734329,463.5,0.5,2
7,1,6,0,0.6465286041299502,0.6123262885939815,464.0,0.0,1
12,4,8,0,0.3749088067561388,0.4228445679476871,468.5,2.692582403567252,4
14,5,9,0,0.2645804935779709,0.34936858223029743,471.0,1.4142135623730951,5
15,6,9,0,0.3090138660876879,0.4285858856026502,471.5,1.707825127659933,6
15,7,7,0,0.23401890475569026,0.37972556624873816,471.7142857142857,1.665986255670086,7
19,9,9,0,0.23812514352094796,0.3554057056008079,472.55555555555554,2.1659542988464366,9
13,6,6,0,0.2790590937559803,0.4108399613806436,473.8333333333333,1.3437096247164249,6
11,5,5,0,0.39329383345320823,0.6117387337319569,475.0,1.4142135623730951,5
11,5,5,0,0.3536466207355261,0.5870396657683128,475.8,1.7204650534085253,5
8,4,4,0,0.4293164225029094,0.6685574929000542,476.5,1.118033988749895,4
8,4,4,0,0.4483432321410094,0.665383837359598,478.5,1.118033988749895,4
12,6,6,0,0.3737035302275961,0.5598567971972231,479.5,1.707825127659933,6
10,5,5,0,0.39573915271709365,0.603167860976977,480.0,1.4142135623730951,5
10,5,5,0,0.3626611156182157,0.5194763276551472,481.0,1.4142135623730951,5
10,5,5,0,0.3626611156182157,0.5194763276551472,481.0,1.4142135623730951,5
8,4,4,0,0.6674087260450635,0.9243774313890315,482.5,1.118033988749895,4
6,3,3,0,0.7256346499547363,0.9780606186517998,484.0,0.816496580927726,3
8,4,4,0,0.567967494151422,0.8682905000612182,484.5,1.118033988749895,4
10,5,5,0,0.3301769769233134,0.4761765344101074,486.0,1.4142135623730951,5
11,5,6,0,0.3806522374972701,0.4764445928968212,486.0,1.4142135623730951,5
11,5,6,0,0.36590341245755553,0.4537937427422867,487.2,1.7204650534085253,5
11,5,6,0,0.39005292085930704,0.458512222282399,491.0,6.6332495807108,5
9,4,5,0,0.3344355885637924,0.39236815229405675,492.25,6.869315832017043,4
5,2,3,0,0.4010772916954011,0.42758597727972847,497.0,7.0,2
4,2,2,0,0.19658881953607002,0.27660600675108976,497.0,7.0,2
4,1,2,0,0.31256848604728776,0.4391286483225173,495.0,0.0,1
19,6,7,0,0.11584025699024399,0.22475834570317926,490.0,2.581988897471611,6
34,11,12,0,0.0925785441967574,0.1891898875404256,487.27272727272725,3.6702962251247904,11
66,22,22,0,0.06269239231657524,0.14179257039913967,481.6363636363636,6.595766235351657,22
77,26,25,0,0.052667762618511915,0.09339712237942085,479.2692307692308,8.27209252806685,26
74,25,24,0,0.051643537102292664,0.09266059072173552,478.64,7.801948474579923,25
59,20,19,0,0.04544298275341761,0.08593261504836552,476.05,6.484404367403378,20
44,15,14,0,0.04190799126098322,0.06812476254206616,473.4,5.225578117937446,15
12,4,4,0,0.0545847462490201,0.08644748530861278,466.25,2.277608394786075,4
4,1,2,1,0.8877390138804913,1.2488680591027814,493.0,0.0,1
4,1,2,1,0.8877390138804913,1.2488680591027814,493.0,0.0,1
8,4,4,0,0.4671806607927595,1.007751630903075,494.5,1.118033988749895,4
10,5,5,0,0.4537688194670611,0.9094048862765118,495.2,1.7204650534085253,5
8,4,4,0,0.16493192275187799,0.2750694890857274,495.75,1.479019945774904,4
10,5,5,0,0.31745892607917386,0.5485361274287853,496.4,1.8547236990991407,5
10,5,5,0,0.31745892607917386,0.5485361274287853,496.4,1.8547236990991407,5
4,2,2,0,0.568042805728813,0.8014513007592472,498.5,0.5,2
6,3,3,0,0.671228158287704,1.255963489793351,500.0,0.816496580927726,3
8,4,4,0,0.6715324105960983,1.1204807386858702,500.5,1.118033988749895,4
8,4,4,0,0.25209854769387413,0.45506970366856153,501.5,1.118033988749895,4
10,5,5,0,0.3054119166400697,0.4739502577070597,502.0,1.4142135623730951,5
10,5,5,0,0.3054119166400697,0.4739502577070597,502.0,1.4142135623730951,5
6,3,3,0,0.2459544749930501,0.38038752997161357,503.0,0.816496580927726,3
8,4,4,0,0.6690435357657927,1.1369777070321372,504.5,1.118033988749895,4
8,4,4,0,0.6652031132419195,1.136012569874217,505.5,1.118033988749895,4
8,4,4,0,0.24679217860102654,0.33444158539904084,506.5,1.118033988749895,4
14,7,7,0,0.2515454712108924,0.34768639448970773,508.0,2.0,7
19,9,9,0,0.2321548240983652,0.3205662923717028,508.55555555555554,2.0608041101101566,9
17,8,8,0,0.22794399736449122,0.3129695250158576,509.75,1.5612494995995996,8
17,8,8,0,0.272374416643288,0.37771663190334176,510.5,1.5,8
19,9,9,0,0.23542994674709108,0.32996627046056765,511.6666666666667,1.8856180831641267,9
14,6,7,0,0.3120567980580605,0.3960385517232278,512.5,1.707825127659933,6
9,4,5,0,0.3626581927528605,0.4324991456437093,513.5,1.118033988749895,4
11,5,6,0,0.4226520166732371,0.5880197532099236,518.0,6.6332495807108,5
9,4,5,0,0.4394315833924338,0.6319830537415244,519.25,6.869315832017043,4
5,2,3,0,0.6088985938113183,0.7814180449588801,524.0,7.0,2
4,2,2,0,0.17475483318169913,0.24541596336689053,524.0,7.0,2
10,5,5,0,0.520399773079488,1.1730183638904264,529.4,6.280127387243032,5
6,3,3,0,0.07065392509102822,0.08683953922609394,533.0,0.816496580927726,3
6,3,3,0,0.07065392509102822,0.08683953922609394,533.0,0.816496580927726,3
6,3,3,0,0.07065392509102822,0.08683953922609394,533.0,0.816496580927726,3
6,3,3,0,0.07065392509102822,0.08683953922609394,533.0,0.816496580927726,3
4,2,2,0,0.23649562491724888,0.3325573401337504,536.0,1.0,2
4,2,2,0,0.23649562491724888,0.3325573401337504,536.0,1.0,2
4,2,2,0,0.23649562491724888,0.3325573401337504,536.0,1.0,2
6,3,3,0,0.7242207499220967,1.1267942477240747,536.6666666666666,1.247219128924647,3
4,2,2,0,0.9710545695076386,1.3714217225411034,537.5,0.5,2
6,3,3,0,0.6779066165909171,1.2400360516552371,539.0,0.816496580927726,3
6,3,3,0,0.6779066165909171,1.2400360516552371,539.0,0.816496580927726,3
6,3,3,0,0.3765533333644271,0.6402066845737532,540.0,0.816496580927726,3
6,3,3,0,0.3765533333644271,0.6402066845737532,540.0,0.816496580927726,3
6,3,3,0,0.3765533333644271,0.6402066845737532,540.0,0.816496580927726,3
4,2,2,0,0.11183019448071718,0.15606811249998295,542.5,0.5,2
4,2,2,0,0.11183019448071718,0.15606811249998295,542.5,0.5,2
4,2,2,0,0.11183019448071718,0.15606811249998295,542.5,0.5,2
4,2,2,0,0.11183019448071718,0.15606811249998295,542.5,0.5,2
4,2,2,0,0.11183019448071718,0.15606811249998295,542.5,0.5,2
4,2,2,0,0.07646400015801191,0.10645320374103666,544.5,0.5,2
9,4,4,0,0.25004876567982137,0.37444517967673446,544.5,0.5,4
9,4,4,0,0.25004876567982137,0.37444517967673446,544.5,0.5,4
9,4,4,0,0.25004876567982137,0.37444517967673446,544.5,0.5,4
11,5,5,0,0.41479724161326886,0.6466542010625689,545.4,1.019803902718557,5
11,5,5,0,0.47986464174464344,0.7253930177496047,546.0,1.4142135623730951,5
8,4,4,0,0.3877186071393745,0.5658146056443956,547.5,1.118033988749895,4
8,4,4,0,0.3877186071393745,0.5658146056443956,547.5,1.118033988749895,4
14,6,6,0,0.3475973012928779,0.5801033288379182,547.5,0.9574271077563381,6
12,5,5,0,0.3313047423620116,0.5361535666008088,548.0,0.6324555320336759,5
12,5,5,0,0.3108790303495797,0.5224061910687944,548.2,0.7483314773547883,5
12,5,5,0,0.3201473295180635,0.5459481068923095,548.4,1.019803902718557,5
12,5,5,0,0.3201473295180635,0.5459481068923095,548.4,1.019803902718557,5
10,5,5,0,0.40286374081754023,0.5974246972604874,550.0,1.4142135623730951,5
9,4,5,0,0.4832888385280967,0.6261466892813984,550.5,1.118033988749895,4
11,5,6,0,0.37756930412724615,0.4806140392311741,556.6,9.789790600416334,5
9,4,5,0,0.32574252074118704,0.43609684224805667,558.25,10.304731922762475,4
9,4,5,0,0.32574252074118704,0.43609684224805667,558.25,10.304731922762475,4
5,2,3,0,0.4078182813245803,0.5065181281654683,565.0,11.0,2
4,2,2,0,0.1299412501975894,0.18225872041833913,565.0,11.0,2
4,2,2,0,0.06233772231886784,0.08615107424904886,577.5,0.5,2
4,2,2,0,0.06233772231886784,0.08615107424904886,577.5,0.5,2
4,2,2,0,0.06233772231886784,0.08615107424904886,577.5,0.5,2
4,2,2,0,0.06233772231886784,0.08615107424904886,577.5,0.5,2
4,2,2,0,0.06233772231886784,0.08615107424904886,577.5,0.5,2
4,2,2,0,0.059195361100137234,0.08242607891441381,581.5,0.5,2
4,2,2,0,0.059195361100137234,0.08242607891441381,581.5,0.5,2
4,2,2,0,0.059195361100137234,0.08242607891441381,581.5,0.5,2
6,3,3,0,0.5365599999204278,0.9862904226990583,583.0,2.160246899469287,3
6,3,3,0,0.5365599999204278,0.9862904226990583,583.0,2.160246899469287,3
4,2,2,0,1.211446888744831,1.7120228615072872,587.0,1.0,2
4,2,2,0,1.211446888744831,1.7120228615072872,587.0,1.0,2
5,2,2,0,0.49685329175554216,0.8585929605497318,587.0,1.0,2
5,2,2,0,0.49685329175554216,0.8585929605497318,587.0,1.0,2
5,2,2,0,0.49685329175554216,0.8585929605497318,587.0,1.0,2
5,2,2,0,0.5757065312936902,0.9948586631451224,587.0,1.0,2
5,2,2,0,0.5757065312936902,0.9948586631451224,587.0,1.0,2
4,2,2,0,1.0181897360210617,1.438039455713603,588.5,0.5,2
4,2,2,0,1.0181897360210617,1.438039455713603,588.5,0.5,2
3,1,2,0,1.515018979087472,1.5138712711632252,589.0,0.0,1
3,1,2,0,1.515018979087472,1.5138712711632252,589.0,0.0,1
3,1,2,0,1.0654685832560062,1.0640744995325804,591.0,0.0,1
3,1,2,0,1.0654685832560062,1.0640744995325804,591.0,0.0,1
5,2,3,0,1.1230994374491274,1.1249643320401377,591.5,0.5,2
4,2,2,0,0.7876182223359743,1.1122960105302426,591.5,0.5,2
5,2,3,0,1.011116239707917,1.0381502312231539,591.5,0.5,2
3,1,2,0,0.841214292217046,0.8403959996066988,592.0,0.0,1
5,2,3,0,0.9554841774515808,0.9680474674936125,592.5,0.5,2
7,3,4,0,0.590901659646382,0.8098114801325415,594.0,0.816496580927726,3
9,4,5,0,0.48171087505761534,0.7303689141625326,594.5,1.118033988749895,4
10,5,5,0,0.29168459721323514,0.4230657172243662,595.0,1.4142135623730951,5
11,5,6,0,0.35111689995974305,0.43917642066632373,595.0,1.4142135623730951,5
11,5,6,0,0.353229062538594,0.4432177300620041,596.2,1.7204650534085253,5
9,4,5,0,0.5562956093344837,0.5780531170341456,605.25,13.754544703478919,4
7,3,4,0,0.5900814097064236,0.6102662032068354,608.3333333333334,14.636332266733433,3
5,2,3,0,0.6632644792553037,0.6669023241260333,614.0,15.0,2
4,2,2,0,0.48139918067802984,0.6787574426306763,614.0,15.0,2
4,1,3,0,1.3231183889632423,1.342715673079483,626.0,0.0,1
7,3,4,0,0.35295129163811606,0.44473271710225026,627.0,0.816496580927726,3
7,3,4,0,0.35295129163811606,0.44473271710225026,627.0,0.816496580927726,3
9,4,5,0,0.43547046883031726,0.5337586891853207,627.5,1.118033988749895,4
13,6,6,0,0.348331680521369,0.4983728248216435,628.0,1.2909944487358056,6
11,5,5,0,0.30606599161401393,0.47421280725170234,628.4,1.019803902718557,5
9,4,4,0,0.3370656406041235,0.4747993616003471,629.5,1.118033988749895,4
9,4,4,0,0.3370656406041235,0.4747993616003471,629.5,1.118033988749895,4
13,6,6,0,0.3719861249749859,0.7013564793315057,631.3333333333334,1.9720265943665385,6
10,5,5,0,0.34410209250118995,0.7414666661512352,633.0,1.4142135623730951,5
12,6,6,0,0.399510606022721,0.7347669207304065,633.5,1.707825127659933,6
11,5,6,0,0.3260203583166003,0.49287811275082,634.0,1.4142135623730951,5
11,5,6,0,0.3260203583166003,0.49287811275082,634.0,1.4142135623730951,5
5,2,3,0,0.6464394060894847,0.6451391909876225,635.5,0.5,2
7,3,4,0,0.7344967083384594,0.8875431035648824,647.3333333333334,14.636332266733433,3
5,2,3,0,0.7797622606158257,0.984330965630726,653.0,15.0,2
4,2,2,0,0.2362644306073586,0.33214008335395656,653.0,15.0,2
5,2,3,0,0.8922581980004907,1.172058550074903,653.0,15.0,2
9,2,7,0,0.5582754947245121,0.9033990144904577,653.0,15.0,2
10,0,10,0,0.1846798239275813,0.18870135970336646,0.0,0.0,0
10,0,10,0,0.1846798239275813,0.18870135970336646,0.0,0.0,0
12,1,11,0,0.31749047338962555,0.5094709218503628,615.0,0.0,1
12,1,11,0,0.3650952499698509,0.5296194706331099,615.0,0.0,1
9,1,8,0,0.5589056926546618,0.7067876766204841,615.0,0.0,1
4,1,3,0,0.798810152647396,0.6395834073689227,615.0,0.0,1
8,3,5,0,0.6674992082906621,0.6908650816014629,638.6666666666666,22.543784558547888,3
6,2,4,0,0.7691635666415095,0.751600775516832,650.5,18.5,2
6,2,4,0,0.8216120084747672,0.8123339867365361,650.5,18.5,2
6,2,4,0,0.5945501999929548,0.6692366573698786,650.5,18.5,2
21,7,9,0,0.22517171874642372,0.4293774853013702,657.7142857142857,11.64614326982218,7
20,6,8,0,0.14382324338351427,0.2317460956262676,659.5,5.090841449767088,6
20,6,8,0,0.14382324338351427,0.2317460956262676,659.5,5.090841449767088,6
24,8,9,0,0.18502648911722328,0.3772337201284547,658.125,5.035809269620922,8
25,9,9,0,0.16494827081138888,0.356893134867193,662.0,11.944315244779277,9
10,4,4,0,0.2859248472377658,0.5241543349532761,663.75,16.90229274388537,4
7,3,3,0,0.148757034757485,0.20838667871656952,667.0,18.40289832245635,3
7,3,3,0,0.148757034757485,0.20838667871656952,667.0,18.40289832245635,3
6,2,3,0,0.30889891665428876,0.5335246783043971,672.5,0.5,2
7,2,4,0,0.44916854860881966,0.5792969879170842,672.5,0.5,2
7,2,4,0,0.44916854860881966,0.5792969879170842,672.5,0.5,2
7,2,4,0,0.44916854860881966,0.5792969879170842,672.5,0.5,2
7,2,4,0,0.6438365834765136,0.9394874050389677,672.5,0.5,2
5,1,3,0,0.751429166411981,0.7792349617875568,672.0,0.0,1
7,2,4,0,0.5898558193196853,0.6931054935816127,672.5,0.5,2
7,2,4,0,0.5480618680206438,0.6618409315493933,672.5,0.5,2
9,3,5,0,0.391107578179799,0.4588597043320694,679.6666666666666,10.143416036468626,3
11,4,6,0,0.4177094792015851,0.4753826290521781,683.5,11.01135777277262,4
16,7,9,0,0.29525231948743264,0.41458912915382806,693.1428571428571,8.373914794144483,7
16,7,9,0,0.249861713933448,0.3758605049796516,697.0,2.0,7
17,8,9,0,0.2534919583122246,0.4251703900535704,697.625,2.496873044429772,8
16,8,8,0,0.24223072783400615,0.4334296014193956,698.875,2.8476964374736293,8
18,9,9,0,0.2627028064144885,0.42711568938772665,700.7777777777778,3.424674446093876,9
12,6,6,0,0.4204282311045311,0.5381652512619868,704.0,2.3804761428476167,6
12,6,6,0,0.33977773870256817,0.4129271595231668,705.3333333333334,1.9720265943665385,6
16,8,8,0,0.2832268916691343,0.36659674322337094,707.5,2.29128784747792,8
22,11,11,0,0.21304690868904194,0.3078998051167474,710.0,3.1622776601683795,11
20,10,10,0,0.18224811843155245,0.25812687945543306,711.5,2.8722813232690143,10
18,9,9,0,0.16388496323762572,0.2406366479442885,712.0,2.581988897471611,9
16,8,8,0,0.12123777500043313,0.1383114500269669,712.5,2.29128784747792,8
12,6,6,0,0.3927884849465706,0.9111845982484846,714.5,1.707825127659933,6
5,2,3,0,1.122011270839721,1.325300199233903,716.5,0.5,2
6,2,3,0,0.42300662491470575,0.5290822184349547,716.5,0.5,2
6,2,3,0,0.42300662491470575,0.5290822184349547,716.5,0.5,2
9,3,5,0,0.5715230676578358,0.6546602047766924,716.6666666666666,0.4714045207910317,3
7,2,4,0,0.5547535972048839,0.6648382581269293,716.5,0.5,2
12,5,6,0,0.40968744693831965,0.6374138277130501,718.0,1.4142135623730951,5
13,6,7,0,0.24813228123821318,0.43450219049754674,719.5,1.707825127659933,6
15,7,8,0,0.2825948333234659,0.4506618581031335,720.0,2.0,7
16,8,8,0,0.19992317501455545,0.30714483125773606,726.375,13.999441953163705,8
16,8,8,0,0.19992317501455545,0.30714483125773606,726.375,13.999441953163705,8
20,10,10,0,0.2489884824639088,0.4197699366624669,748.4,21.005713508471928,10
18,9,9,0,0.2706597475335002,0.4433151403784386,756.6666666666666,17.55625877635159,9
16,8,8,0,0.24833064166208108,0.4392642500731675,760.875,13.687928075497767,8
14,7,7,0,0.24635377562103364,0.4302412224144232,767.1428571428571,2.231499907401901,7
16,8,8,0,0.29825445835789044,0.481279508876919,767.875,2.8476964374736293,8
6,3,3,0,0.5373217834159731,0.6580650044057109,771.0,1.632993161855452,3
4,2,2,0,0.4240315832818548,0.5983331661553214,772.0,1.0,2
6,3,3,0,0.8243666999042034,1.125145337238486,772.6666666666666,1.247219128924647,3
8,4,4,0,0.6165685536605972,1.022892638096551,774.5,1.118033988749895,4
6,3,3,0,0.29328263327479365,0.5368320839931936,775.0,0.816496580927726,3
12,5,5,0,0.2756056325848807,0.5083490852841603,774.8,0.7483314773547883,5
12,5,5,0,0.2756056325848807,0.5083490852841603,774.8,0.7483314773547883,5
13,5,5,0,0.2834217881318182,0.5666384305755223,774.6,1.019803902718557,5
9,3,3,0,0.24709791666828096,0.56650916428983,774.0,0.816496580927726,3
9,3,3,0,0.24709791666828096,0.56650916428983,774.0,0.816496580927726,3
3,1,1,0,0.0014091460034251213,0.000141938216984272,773.0,0.0,1
3,1,1,0,0.0014091460034251213,0.000141938216984272,773.0,0.0,1
3,0,3,0,0.8214925420470536,0.4853773326613009,0.0,0.0,0
4,0,4,0,0.8042898889010152,0.397054949083195,0.0,0.0,0
5,0,5,0,0.8669873855542392,0.3606000592114996,0.0,0.0,0
8,1,6,0,0.6224631428984659,0.47778034317794027,717.0,0.0,1
7,1,5,0,0.5083953542634845,0.41861618405556805,717.0,0.0,1
5,1,3,0,0.486093083396554,0.4876962239233534,717.0,0.0,1
6,1,4,0,0.8511948334053159,0.9253709493132035,717.0,0.0,1
5,1,3,0,0.8427291356492788,1.034422980264138,717.0,0.0,1
10,4,6,0,0.3120808472029037,0.43039680759272436,719.5,1.118033988749895,4
14,6,8,0,0.2906896506364529,0.39848396655581325,720.5,1.707825127659933,6
14,6,8,0,0.2906896506364529,0.39848396655581325,720.5,1.707825127659933,6
14,7,7,0,0.23147099357671463,0.3857380978761856,721.1428571428571,2.231499907401901,7
16,8,8,0,0.26696898049364487,0.4122348619904191,725.375,11.39009986786771,8
10,5,5,0,0.5370969397740232,0.64619157783106,736.2,15.791136754521505,5
10,5,5,0,0.4092984166410234,0.5856505135743372,750.4,12.768711759609895,5
10,5,5,0,0.4092984166410234,0.5856505135743372,750.4,12.768711759609895,5
14,7,7,0,0.3705601730885414,0.5530104543657306,758.5714285714286,2.4411439272335804,7
18,9,9,0,0.22541832600665443,0.35535673665013895,760.7777777777778,2.8974232912011773,9
16,8,8,0,0.24420893335094054,0.3730722052026862,761.375,2.496873044429772,8
12,6,6,0,0.13928753408518704,0.18239510448459223,762.5,1.707825127659933,6
13,7,6,0,0.33556120477927226,0.6739825923914124,762.8571428571429,1.8070158058105024,7
9,5,4,0,0.5893359375186265,0.9109397915050719,764.8,1.32664991614216,5
5,3,2,0,0.540860302047804,0.7199032914482633,766.6666666666666,1.247219128924647,3
6,3,3,0,0.6122755000367761,0.6595522126758812,766.6666666666666,1.247219128924647,3
8,4,4,0,0.6212399703051362,0.654584708056021,767.5,1.8027756377319946,4
9,4,5,0,0.4402373385382816,0.4911912040307131,769.0,1.5811388300841898,4
8,3,5,0,0.6293189224920103,0.5618963609547108,769.6666666666666,1.247219128924647,3
6,2,4,0,0.7012043999508023,0.5861159486137495,770.5,0.5,2
5,2,3,0,0.5552302291616797,0.5682187860642982,770.5,0.5,2
5,2,3,0,1.0025253018829972,1.1205860312602312,771.5,0.5,2
3,1,2,0,1.3587922500446439,1.3571461671963334,772.0,0.0,1
4,2,2,0,0.31936886099477607,0.44980118196681385,773.5,0.5,2
8,4,4,0,0.25697975007018875,0.35959721704624614,774.5,1.118033988749895,4
8,4,4,0,0.25697975007018875,0.35959721704624614,774.5,1.118033988749895,4
9,4,5,0,0.46192267711739987,0.6380890315000948,774.5,1.118033988749895,4
7,3,4,0,0.45642476389184594,0.6832945787272021,775.0,0.816496580927726,3
7,3,4,0,0.6883368333801627,0.9075982389065668,776.3333333333334,1.247219128924647,3
5,2,3,0,0.6692595416679978,0.8314912083084391,797.0,19.0,2
11,5,6,0,0.42791553335264326,0.6526699657764562,809.6,15.831613941730643,5
14,7,7,0,0.2106393717515927,0.340241105781376,812.7142857142857,14.259976815391747,7
16,8,8,0,0.24845193612078825,0.3768921817738933,813.875,13.687928075497767,8
14,7,7,0,0.23758066030075917,0.384053862445483,819.0,2.0,7
14,7,7,0,0.30787416669325185,0.5856397228852777,820.1428571428571,2.231499907401901,7
10,5,5,0,0.4519024073249764,0.6916359075018239,822.4,1.8547236990991407,5
10,5,5,0,0.4939739721723729,0.6952596073153846,824.8,1.7204650534085253,5
12,6,6,0,0.32627452655949374,0.401145823185493,826.5,1.707825127659933,6
18,9,9,0,0.25184659561251893,0.3453270078704494,828.0,2.581988897471611,9
18,9,9,0,0.2786017083288992,0.4001080108872352,829.3333333333334,3.197221015541813,9
16,8,8,0,0.24134457502514123,0.3582794859635382,829.875,2.9764702249476644,8
12,6,6,0,0.2156280227513476,0.35810275818806164,831.0,2.581988897471611,6
8,4,4,0,0.2371525357344321,0.42582233150327026,832.25,2.277608394786075,4
4,2,2,0,1.1651799445971847,1.6445002513194609,836.5,0.5,2
4,2,2,0,0.36687383335083723,0.516993952876005,838.0,1.0,2
4,2,2,0,0.36687383335083723,0.516993952876005,838.0,1.0,2
7,3,3,0,0.5088720484636724,0.7590124285379253,837.6666666666666,0.9428090415820634,3
8,3,4,0,0.6092208512127399,0.7444589840954906,837.6666666666666,0.9428090415820634,3
18,2,15,0,0.26970157843521414,0.5066066515960376,838.0,1.0,2
18,1,16,0,0.21291857355219476,0.2981388008435445,837.0,0.0,1
18,1,16,0,0.21291857355219476,0.2981388008435445,837.0,0.0,1
17,1,16,0,0.21555795310996473,0.26892095354238615,838.0,0.0,1
20,1,19,0,0.25749306581718356,0.34684071420437956,838.0,0.0,1
15,1,14,0,0.31378431538386004,0.37853854231374606,838.0,0.0,1
15,1,14,0,0.23472191666119865,0.31353017274327166,838.0,0.0,1
17,2,15,0,0.27532838279148564,0.36945628428367117,838.5,0.5,2
16,1,15,0,0.26996735831101737,0.3186255965768993,839.0,0.0,1
14,2,12,0,0.34594198717520785,0.41322898680074,839.5,0.5,2
7,2,5,0,0.5778710624823967,0.51301869568657,839.5,0.5,2
7,2,5,0,0.6819453819965323,0.5951732345671763,839.5,0.5,2
6,1,5,0,0.9288697581738233,0.6212662610735182,840.0,0.0,1
5,1,4,0,0.8619009789545089,0.6782629445758553,840.0,0.0,1
4,0,4,0,1.259646249935031,0.6351383297373953,0.0,0.0,0
4,0,4,0,1.259646249935031,0.6351383297373953,0.0,0.0,0
3,0,3,0,1.0928007499314845,0.8874728339724243,0.0,0.0,0
7,0,7,0,0.5718535068444908,0.7532767828073057,0.0,0.0,0
16,0,16,0,0.2823947277540962,0.5503800803582819,0.0,0.0,0
16,1,15,0,0.2161750583599011,0.4077089215471423,826.0,0.0,1
16,1,15,0,0.2161750583599011,0.4077089215471423,826.0,0.0,1
15,1,14,0,0.14705658637519395,0.32625058347422914,826.0,0.0,1
11,1,10,0,0.19803003752604126,0.37402150498972364,826.0,0.0,1
6,3,3,0,0.09285624995827675,0.11212116857809364,828.0,0.816496580927726,3
8,4,4,0,0.09401020248021398,0.1077377745486115,828.5,1.118033988749895,4
10,5,5,0,0.1915217268591126,0.32421439848667555,829.0,1.4142135623730951,5
11,5,6,0,0.35075226249173286,0.5681485279996152,829.0,1.4142135623730951,5
35,5,30,0,0.12896718994221268,0.3419780303636507,829.0,1.4142135623730951,5
30,2,28,0,0.14761469686596557,0.37474181498683623,830.5,0.5,2
30,2,28,0,0.1621497413785807,0.4159250204056378,824.0,7.0,2
28,1,27,0,0.10804945678898582,0.2907233457921309,817.0,0.0,1
29,2,27,0,0.16906166964742755,0.46230291757605607,817.5,0.5,2
9,4,5,0,0.5521469947416335,0.7453968176648735,818.5,1.118033988749895,4
10,5,5,0,0.3741914119778408,0.6329034614087791,819.0,1.4142135623730951,5
10,5,5,0,0.26032384723010993,0.3465940255639051,820.0,1.4142135623730951,5
10,5,5,0,0.26032384723010993,0.3465940255639051,820.0,1.4142135623730951,5
8,4,4,0,0.29637058318725656,0.37887919584793894,820.5,1.118033988749895,4
4,2,2,0,0.34620997216552496,0.4878251546010044,821.5,0.5,2
5,1,3,1,0.4388329479843378,0.4670732054617905,274.0,0.0,1
5,1,3,1,0.4388329479843378,0.4670732054617905,274.0,0.0,1
5,1,3,1,0.4388329479843378,0.4670732054617905,274.0,0.0,1
3,1,2,0,0.322606916539371,0.3210640409961343,274.0,0.0,1
4,1,3,0,1.524294652665655,1.7195430330739436,274.0,0.0,1
3,1,2,0,0.6473028333857656,0.6457919161766768,279.0,0.0,1
3,1,2,0,0.6473028333857656,0.6457919161766768,279.0,0.0,1
3,1,2,0,0.6473028333857656,0.6457919161766768,279.0,0.0,1
5,2,3,0,1.0941239374224097,1.2624186722509996,279.5,0.5,2
6,3,3,0,0.6513444835320115,1.2165127868946135,280.0,0.816496580927726,3
6,3,3,0,0.26737863328307865,0.4520839545256365,281.0,0.816496580927726,3
6,3,3,0,0.26737863328307865,0.4520839545256365,281.0,0.816496580927726,3
6,3,3,0,0.26737863328307865,0.4520839545256365,281.0,0.816496580927726,3
6,3,3,0,0.9024647084996105,1.3025858433808866,282.3333333333333,1.247219128924647,3
4,2,2,0,1.1164479861035943,1.5776316169725715,283.0,1.0,2
4,2,2,0,0.44962805540611345,0.6343317541721515,284.5,0.5,2
6,3,3,0,0.49928643330931666,0.6133526768419154,285.0,0.816496580927726,3
8,4,4,0,0.4911416368559003,0.5760427096603166,285.5,1.118033988749895,4
8,4,4,0,0.48572220826255424,0.5676237440133958,286.5,1.118033988749895,4
12,6,6,0,0.4269293181767518,0.499005450619394,287.5,1.707825127659933,6
12,6,6,0,0.37309772724455054,0.4477940371982505,288.5,1.707825127659933,6
10,5,5,0,0.3513998982186119,0.4399146195516981,289.0,1.4142135623730951,5
8,4,4,0,0.2648337202678834,0.30541292053610175,289.5,1.118033988749895,4
6,3,3,0,0.23447129167616368,0.28567373517176226,290.0,0.816496580927726,3
4,2,2,0,0.6265795137733221,0.8837177901270153,298.0,1.0,2
10,5,5,0,0.39836833336287075,0.6093777003950842,299.8,1.7204650534085253,5
10,5,5,0,0.39836833336287075,0.6093777003950842,299.8,1.7204650534085253,5
9,4,5,0,0.3934351250063628,0.51066556530638,300.5,1.118033988749895,4
9,4,5,0,0.3934351250063628,0.51066556530638,300.5,1.118033988749895,4
7,3,4,0,0.3589296179513137,0.5109838932507175,301.0,0.816496580927726,3
7,3,4,0,0.5825910346272091,1.1108187203873565,304.0,0.816496580927726,3
16,6,7,0,0.3074349860971173,0.7568514248707986,303.5,0.9574271077563381,6
17,7,7,0,0.1458513984689489,0.2411527518800548,303.42857142857144,0.9035079029052513,7
19,8,8,0,0.14643028011131617,0.232792745128316,303.5,0.8660254037844386,8
19,8,8,0,0.14643028011131617,0.232792745128316,303.5,0.8660254037844386,8
17,7,7,0,0.2739607995026745,0.5649299835051312,303.85714285714283,1.2453996981544782,7
11,5,6,0,0.3994513750076294,0.66797171845588,305.0,1.4142135623730951,5
11,5,6,0,0.47986958343535663,0.6990075731582859,306.2,1.7204650534085253,5
11,5,6,0,0.2867280958220363,0.36403957215866783,310.0,6.6332495807108,5
11,5,6,0,0.2867280958220363,0.36403957215866783,310.0,6.6332495807108,5
7,3,4,0,0.34844047917673987,0.4124425186429069,313.0,7.118052168020874,3
4,2,2,0,0.11389313886562984,0.15956812220667188,316.0,7.0,2
4,2,2,0,0.07549308333545923,0.10462820431575892,324.5,0.5,2
4,2,2,0,0.07549308333545923,0.10462820431575892,324.5,0.5,2
4,2,2,0,0.07549308333545923,0.10462820431575892,324.5,0.5,2
10,4,4,0,0.4414130510348413,1.090173379800922,324.0,0.7071067811865476,4
8,3,3,0,0.5354508749608483,1.2184898568350764,324.0,0.816496580927726,3
6,2,2,0,0.046436858363449574,0.09012843329915075,323.5,0.5,2
6,2,2,0,0.046436858363449574,0.09012843329915075,323.5,0.5,2
6,2,2,0,0.046436858363449574,0.09012843329915075,323.5,0.5,2
6,2,4,0,0.40917930006980896,0.5584866629423993,316.5,0.5,2
6,2,4,0,0.40917930006980896,0.5584866629423993,316.5,0.5,2
7,2,5,0,0.6845304028441509,0.7993834767488079,316.5,0.5,2
7,2,5,0,0.7072201458116373,0.7928099472312019,316.5,0.5,2
6,2,4,0,0.55108697488904,0.7797382461700976,316.5,0.5,2
4,2,2,0,0.04298262484371662,0.05844034054648948,318.5,0.5,2
6,3,3,0,0.32301744986325504,0.5828740277050427,319.3333333333333,1.247219128924647,3
6,3,3,0,0.32301744986325504,0.5828740277050427,319.3333333333333,1.247219128924647,3
6,3,3,0,0.32301744986325504,0.5828740277050427,319.3333333333333,1.247219128924647,3
6,3,3,0,0.32301744986325504,0.5828740277050427,319.3333333333333,1.247219128924647,3
6,3,3,0,0.807490516640246,1.3582284411514063,322.0,0.816496580927726,3
6,3,3,0,0.21110955830663442,0.25709105478071065,323.0,0.816496580927726,3
10,5,5,0,0.24677815277957255,0.2777965091865903,324.4,1.8547236990991407,5
11,5,6,0,0.34811932072043417,0.4023482339232908,324.4,1.8547236990991407,5
11,5,6,0,0.34811932072043417,0.4023482339232908,324.4,1.8547236990991407,5
13,6,7,0,0.34972718396844965,0.47934546333237515,327.3333333333333,1.9720265943665387,6
13,6,7,0,0.33598644790860516,0.47255133527320486,328.5,1.707825127659933,6
9,4,5,0,0.28346222930122167,0.4404098777580576,329.5,1.118033988749895,4
10,5,5,0,0.4061202963607179,0.844623895946354,330.2,1.7204650534085253,5
10,5,5,0,0.4061202963607179,0.844623895946354,330.2,1.7204650534085253,5
4,2,2,0,0.9184391526505351,1.2971046994291515,332.0,1.0,2
5,2,2,0,0.6485320730134845,1.1205399727742171,332.0,1.0,2
7,3,3,0,0.5700049721635878,0.9517599275855522,332.3333333333333,0.9428090415820634,3
7,3,3,0,0.42721834732219577,0.6566355316663435,332.6666666666667,1.247219128924647,3
7,3,3,0,0.42721834732219577,0.6566355316663435,332.6666666666667,1.247219128924647,3
7,3,3,0,0.42721834732219577,0.6566355316663435,332.6666666666667,1.247219128924647,3
4,2,2,0,0.5784258196751276,0.8162269359875756,333.5,0.5,2
4,1,3,0,0.7199449026957154,0.7809400235516495,336.0,0.0,1
6,2,4,0,0.5515994749963283,0.6662008690222386,347.0,11.0,2
6,2,4,0,0.5515994749963283,0.6662008690222386,347.0,11.0,2
4,2,2,0,0.20014836080372334,0.280292141658908,347.0,11.0,2
5,2,3,0,1.083882312523201,1.5497999405639349,347.0,11.0,2
5,2,3,0,1.1367724167648703,1.535969720376433,356.5,1.5,2
3,1,2,0,0.40519197890534997,0.4041043114848435,355.0,0.0,1
7,3,4,0,0.4886211804114282,0.656089689185941,356.0,0.816496580927726,3
9,4,5,0,0.45884143747389317,0.5994197152469665,357.5,2.692582403567252,4
8,4,4,0,0.40877645848585026,0.6249648951779997,357.5,2.692582403567252,4
6,3,3,0,0.2108044669032097,0.2893961430448334,358.3333333333333,2.6246692913372702,3
6,3,3,0,0.2108044669032097,0.2893961430448334,358.3333333333333,2.6246692913372702,3
6,3,3,0,0.7663333082571626,1.435879407412719,363.0,0.816496580927726,3
6,3,3,0,0.22470865845680238,0.35894381987700186,364.0,0.816496580927726,3
6,3,3,0,0.22470865845680238,0.35894381987700186,364.0,0.816496580927726,3
6,3,3,0,0.22470865845680238,0.35894381987700186,364.0,0.816496580927726,3
15,6,6,0,0.3294541517804776,0.7830756650050311,363.5,0.9574271077563381,6
23,8,8,0,0.20122689584439452,0.6230229170460677,361.5,2.29128784747792,8
33,11,11,0,0.07586381898727268,0.11352683501941377,358.72727272727275,3.670296225124791,11
39,13,13,0,0.08131343091985113,0.12431479663696715,356.84615384615387,5.558723620042975,13
39,13,13,0,0.08131343091985113,0.12431479663696715,356.84615384615387,5.558723620042975,13
31,10,11,0,0.15300329448655248,0.39119381341448795,355.0,5.019960159204453,10
21,6,9,0,0.2375905374996364,0.4819848160068457,352.0,4.320493798938574,6
11,3,6,0,0.4579549374990165,0.641934198765084,349.3333333333333,4.027681991198191,3
5,1,4,0,0.4954240624792874,0.3320815197101795,355.0,0.0,1
7,2,5,0,0.6929321874243518,0.7383552900157192,355.5,0.5,2
12,5,7,0,0.37527942047877744,0.6191453154158495,357.0,1.4142135623730951,5
12,6,6,0,0.31109513249248266,0.6118323319217918,357.8333333333333,2.266911751455907,6
16,8,8,0,0.19172067772597073,0.28127176120165176,360.5,3.2015621187164243,8
18,8,10,0,0.22979604655548053,0.29525269771232826,360.5,3.2015621187164243,8
16,7,9,0,0.24219876391192277,0.30828757737107115,361.14285714285717,2.899683304312063,7
13,5,8,0,0.3937584237040331,0.4704846826240752,366.4,5.885575587824865,5
11,4,7,0,0.3681794292293489,0.4554800912826652,367.5,6.103277807866851,4
9,3,6,0,0.48794335417915136,0.5738399042945962,379.0,0.816496580927726,3
9,4,5,0,0.3494241093285382,0.4557902474906457,380.5,2.692582403567252,4
11,5,6,0,0.4589258416555822,0.6117229106295823,381.6,3.2619012860600183,5
14,7,7,0,0.269140532025351,0.48009489140943973,384.85714285714283,3.602720060833855,7
16,8,8,0,0.3093694583823284,0.5035376195069302,385.5,3.774917217635375,8
12,6,6,0,0.3408454924991185,0.5601561242536205,387.5,1.707825127659933,6
10,5,5,0,0.21736898614714542,0.3487713343399967,388.0,1.4142135623730951,5
14,4,10,0,0.3778433141370232,0.6551818662389836,388.5,1.118033988749895,4
13,1,12,0,0.3189440035105993,0.6367680573126254,390.0,0.0,1
12,0,12,0,0.18981693947518413,0.19172412712783338,0.0,0.0,0
12,0,12,0,0.18981693947518413,0.19172412712783338,0.0,0.0,0
14,1,13,0,0.37198878530986035,0.7096372862418264,403.0,0.0,1
8,1,7,0,0.5599164105951786,0.9154952258019126,403.0,0.0,1
4,1,3,0,1.5000069585318367,1.1350172293776346,403.0,0.0,1
3,1,2,0,0.8766192295588553,0.8755337712354958,403.0,0.0,1
7,3,4,0,0.6132748541422188,0.7892819521337617,404.0,0.816496580927726,3
7,3,4,0,0.48515860410407186,0.6428011796412342,405.3333333333333,1.247219128924647,3
7,3,4,0,0.48515860410407186,0.6428011796412342,405.3333333333333,1.247219128924647,3
10,5,5,0,0.3348244305493103,0.5075305668528394,406.6,1.8547236990991407,5
12,6,6,0,0.37950233717195014,0.5298544543386215,407.8333333333333,3.2360813064912666,6
8,4,4,0,0.4227781607104199,0.5857694782677599,409.5,2.692582403567252,4
6,3,3,0,0.2939383666962385,0.4483637401335676,410.3333333333333,2.6246692913372702,3
6,3,3,0,0.2939383666962385,0.4483637401335676,410.3333333333333,2.6246692913372702,3
13,4,5,0,0.19616922922432423,0.4683509111127657,411.5,1.118033988749895,4
31,10,11,0,0.10894179167225956,0.31253712677996365,408.5,2.8722813232690143,10
43,14,15,0,0.10006509424142894,0.27080663965654966,405.2142857142857,6.212643461161295,14
42,14,14,0,0.061456204255724824,0.11188286981489348,405.2142857142857,6.212643461161295,14
42,14,14,0,0.061456204255724824,0.11188286981489348,405.2142857142857,6.212643461161295,14
30,10,10,0,0.060970242777518155,0.10040520043362657,402.7,5.604462507680822,10
12,4,4,0,0.06648606434464455,0.10632207254485959,397.0,4.47213595499958,4
5,1,3,0,0.7679674478713423,0.8538236725902866,390.0,0.0,1
7,2,4,0,0.6969723819444577,0.7733751957239213,396.5,6.5,2
6,2,3,0,0.42301538344472644,0.5171232056979516,396.5,6.5,2
8,3,4,0,0.6673172084348542,0.8977171892252122,399.0,6.377042156569663,3
9,4,4,0,0.4876558699179441,0.8591742785605467,400.5,6.103277807866851,4
6,3,3,0,0.5579517168924213,1.0023205559449724,404.0,0.816496580927726,3
6,3,3,0,0.4232001999393106,0.7347013556996048,406.0,2.160246899469287,3
6,3,3,0,0.4232001999393106,0.7347013556996048,406.0,2.160246899469287,3
4,2,2,0,0.6280441250031193,0.886564700981407,407.0,2.0,2
8,4,4,0,0.6473451131688697,1.3873786651581468,410.5,1.118033988749895,4
6,3,3,0,0.09939293339848518,0.13280824145604977,411.0,0.816496580927726,3
6,3,3,0,0.09939293339848518,0.13280824145604977,411.0,0.816496580927726,3
10,5,5,0,0.4087714352127578,0.9265631867986542,412.0,1.4142135623730951,5
12,6,6,0,0.3801989166743376,0.8470610661427114,413.1666666666667,2.9107081994288304,6
8,4,4,0,0.26540361318205086,0.411349261221247,416.5,3.0413812651491097,4
9,4,5,0,0.3842628645943478,0.49694047872245095,416.5,3.0413812651491097,4
10,4,6,0,0.41011573612276053,0.47419187685931546,416.5,3.0413812651491097,4
9,3,5,0,0.5645589114865288,0.6068710885476706,419.3333333333333,0.4714045207910317,3
7,2,4,0,0.5555838194365302,0.6119957386826975,419.5,0.5,2
5,1,3,0,0.5289487501140684,0.6125341951633794,419.0,0.0,1
4,1,2,0,0.49961876403540373,0.7048568611137299,419.0,0.0,1
3,1,1,0,0.0012097498401999474,0.00039458274841308594,419.0,0.0,1
7,0,7,0,0.11004667372132342,0.13062970933701604,0.0,0.0,0
11,0,11,0,0.15616056676954032,0.22955097774131933,0.0,0.0,0
14,0,14,0,0.1524266186528481,0.20335484508527155,0.0,0.0,0
15,0,15,0,0.20806185714900494,0.2804247322028964,0.0,0.0,0
15,0,15,0,0.20806185714900494,0.2804247322028964,0.0,0.0,0
8,0,8,0,0.3188359701473798,0.34224424252672364,0.0,0.0,0
5,0,5,0,1.0612087605986744,1.2322794482712784,0.0,0.0,0
6,2,4,0,0.6773792166262865,0.8605182668469403,424.5,0.5,2
8,3,5,0,0.5621495535597205,0.7637652143561139,452.3333333333333,39.36439451529206,3
7,3,4,0,0.27950549327457946,0.34834829228214603,452.3333333333333,39.36439451529206,3
7,3,4,0,0.27950549327457946,0.34834829228214603,452.3333333333333,39.36439451529206,3
6,3,3,0,0.15011772513389587,0.2125292262642981,452.3333333333333,39.36439451529206,3
4,1,3,0,1.4413669028629859,1.7513934010804764,508.0,0.0,1
5,1,3,0,0.3580131980124861,0.414379665955488,483.0,0.0,1
5,1,3,0,0.3580131980124861,0.414379665955488,483.0,0.0,1
5,1,3,0,0.3580131980124861,0.414379665955488,483.0,0.0,1
5,1,3,0,0.3580131980124861,0.414379665955488,483.0,0.0,1
3,1,1,0,0.0014744787476956844,0.0005926867015659809,483.0,0.0,1
3,1,2,0,0.5535366041585803,0.5518470630049706,496.0,0.0,1
7,3,4,0,0.321069513913244,0.414564437079784,497.0,0.816496580927726,3
7,3,4,0,0.321069513913244,0.414564437079784,497.0,0.816496580927726,3
9,4,5,0,0.4394375103292987,0.5730342872350549,497.75,1.479019945774904,4
8,4,4,0,0.34430234506726265,0.5503384897740591,497.75,1.479019945774904,4
6,3,3,0,0.35659496653825046,0.6201488442775279,498.3333333333333,1.247219128924647,3
6,3,3,0,0.5961495168507099,1.0995179018969166,501.0,0.816496580927726,3
6,3,3,0,0.5961495168507099,1.0995179018969166,501.0,0.816496580927726,3
6,3,3,0,0.43933089151978494,0.7865449628647805,503.0,2.160246899469287,3
6,3,3,0,0.43933089151978494,0.7865449628647805,503.0,2.160246899469287,3
8,4,4,0,0.57697061901646,0.8550634072655293,504.0,2.5495097567963922,4
4,2,2,0,0.6145470002666116,0.8673474567282365,506.5,0.5,2
6,3,3,0,0.9052775500342249,1.1387396281078137,507.0,0.816496580927726,3
6,3,3,0,0.6284775083884597,1.041683146762189,508.0,0.816496580927726,3
10,5,5,0,0.4615294861917694,0.8211566179277873,509.0,1.4142135623730951,5
10,5,5,0,0.24475859250459406,0.2961238658009601,510.8,2.7856776554368237,5
12,5,7,0,0.3516344734552232,0.41104018271636655,510.8,2.7856776554368237,5
11,4,7,0,0.3929639957845211,0.4166169300464484,511.5,2.692582403567252,4
13,5,8,0,0.3900432916513334,0.4162807169037461,520.6,14.022838514366484,5
9,3,6,0,0.45474043232388794,0.4501095850877108,527.3333333333334,14.636332266733433,3
25,2,23,0,0.1831857586900393,0.35687445497819115,533.0,15.0,2
25,2,23,0,0.1577071736489112,0.34933849008946816,533.0,15.0,2
26,3,23,0,0.16440982662141324,0.37628378388445644,527.0,14.89966442575134,3
23,1,22,0,0.1323664223944599,0.3000696583482171,515.0,0.0,1
28,3,24,0,0.16593905555567257,0.3423404285210866,520.0,7.788880963698615,3
12,4,7,0,0.4375195530327884,0.5165052460268692,527.0,13.874436925511608,4
10,4,5,0,0.39460532863934833,0.48644396109662896,527.0,13.874436925511608,4
8,3,4,0,0.38317127366151127,0.5001423314402699,531.0,13.880441875771343,3
13,3,9,0,0.38085652080674964,0.6944904989660802,531.0,13.880441875771343,3
11,1,10,0,0.3738530416041613,0.7103780035423694,548.0,0.0,1
9,0,9,0,0.16048753634095192,0.165976719046409,0.0,0.0,0
9,0,9,0,0.16048753634095192,0.165976719046409,0.0,0.0,0
10,0,10,0,0.42222737500237095,0.7566698734428151,0.0,0.0,0
12,0,12,0,0.4531138295477087,0.73161061051485,0.0,0.0,0
13,0,13,0,0.2196228471584618,0.30803117575938344,0.0,0.0,0
13,0,13,0,0.2196228471584618,0.30803117575938344,0.0,0.0,0
13,0,13,0,0.2196228471584618,0.30803117575938344,0.0,0.0,0
12,0,12,0,0.1319709772413427,0.1063708022484552,0.0,0.0,0
10,2,6,0,0.5370382221622599,1.0647338614909179,490.5,0.5,2
8,3,3,0,0.2046184821852616,0.3225342789415054,513.3333333333334,32.293790252754306,3
8,3,3,0,0.2046184821852616,0.3225342789415054,513.3333333333334,32.293790252754306,3
8,3,3,0,0.2046184821852616,0.3225342789415054,513.3333333333334,32.293790252754306,3
8,3,3,0,0.2046184821852616,0.3225342789415054,513.3333333333334,32.293790252754306,3
4,1,2,1,0.5548867636049787,0.7819017495156354,289.0,0.0,1
4,1,2,1,0.5548867636049787,0.7819017495156354,289.0,0.0,1
10,4,5,1,0.45169617587493527,0.749352393755467,290.5,1.118033988749895,4
8,4,4,0,0.3430951607546636,0.6874609712578174,290.5,1.118033988749895,4
8,4,4,0,0.3430951607546636,0.6874609712578174,290.5,1.118033988749895,4
6,3,3,0,0.07718399167060852,0.09324502376221087,291.0,0.816496580927726,3
6,3,3,0,0.07718399167060852,0.09324502376221087,291.0,0.816496580927726,3
3,1,1,0,0.0029713124968111515,0.00021914532408118248,294.0,0.0,1
9,4,4,0,0.15649952611420304,0.24177095303827734,295.5,1.118033988749895,4
9,4,4,0,0.15649952611420304,0.24177095303827734,295.5,1.118033988749895,4
9,4,4,0,0.15649952611420304,0.24177095303827734,295.5,1.118033988749895,4
9,4,4,0,0.15649952611420304,0.24177095303827734,295.5,1.118033988749895,4
6,3,3,0,0.10660730842500925,0.14023246191424277,296.0,0.816496580927726,3
6,3,3,0,0.12079126667231321,0.1471508950289314,299.0,0.816496580927726,3
8,4,4,0,0.19296470231243543,0.2609107744195473,299.5,1.118033988749895,4
8,4,4,0,0.19296470231243543,0.2609107744195473,299.5,1.118033988749895,4
8,4,4,0,0.19296470231243543,0.2609107744195473,299.5,1.118033988749895,4
6,3,3,0,0.20542479157447815,0.29056964424727716,300.0,0.816496580927726,3
3,1,2,0,1.9300755001604557,1.9286692086607218,303.0,0.0,1
5,2,3,0,1.097521843854338,1.6086476678710073,310.0,7.0,2
4,2,2,0,0.17711422219872475,0.24845321314512767,310.0,7.0,2
4,2,2,0,0.17711422219872475,0.24845321314512767,310.0,7.0,2
4,2,2,0,0.17711422219872475,0.24845321314512767,310.0,7.0,2
11,3,5,0,0.30600619995966555,0.6183367650361828,307.0,0.816496580927726,3
20,6,8,0,0.1917211952080068,0.46867277408167946,305.5,1.707825127659933,6
22,7,8,0,0.10730721424555495,0.19039736847319047,305.0,2.0,7
24,8,9,0,0.135332103251763,0.2394339464736558,304.75,1.984313483298443,8
25,9,9,0,0.17835585761349648,0.39176494706797943,304.6666666666667,1.8856180831641267,9
20,8,8,0,0.23228119078435397,0.4353391160655647,304.0,1.224744871391589,8
13,6,6,0,0.39761620480567217,0.5974455017345287,304.5,1.707825127659933,6
12,6,6,0,0.40017590527846053,0.5972466554692982,305.5,1.707825127659933,6
14,7,7,0,0.3173765448423532,0.4305432502680469,307.0,2.0,7
12,6,6,0,0.3556482613256032,0.4555524079038895,307.5,1.707825127659933,6
8,4,4,0,0.2802465297281742,0.3308035373332806,308.5,1.118033988749895,4
6,3,3,0,0.2938996581360698,0.3584321699710735,309.0,0.816496580927726,3
4,2,2,0,0.24974273579816023,0.35110495341936837,309.5,0.5,2
3,1,1,0,0.001302562654018402,0.00034827087074518204,309.0,0.0,1
3,1,1,0,0.001302562654018402,0.00034827087074518204,309.0,0.0,1
9,4,4,0,0.2288603907218203,0.43886843821489224,310.5,1.118033988749895,4
11,5,5,0,0.2918197249993682,0.4783186865645976,311.0,1.4142135623730951,5
15,7,7,0,0.28058674106640474,0.43097349081043956,312.0,2.0,7
16,8,8,0,0.22420039450128873,0.3193551076226098,313.5,2.29128784747792,8
17,8,9,0,0.2589169504935853,0.3371825075035063,313.5,2.29128784747792,8
12,5,7,0,0.35825705308128486,0.428456473537257,315.0,1.4142135623730951,5
11,4,7,0,0.4035166958346963,0.4404642392832001,315.5,1.118033988749895,4
8,2,6,0,0.5813166726646679,0.4934640497371091,316.5,0.5,2
6,1,5,0,0.7390183418989181,0.4529918494004445,326.0,0.0,1
7,2,5,0,0.7212788470399877,0.6757929691104053,326.5,0.5,2
10,4,6,0,0.4865098888468411,0.6325758020893444,327.75,1.479019945774904,4
9,4,5,0,0.4210445884382352,0.6415604519796233,327.75,1.479019945774904,4
8,4,4,0,0.40044458928917137,0.6833775729333222,327.75,1.479019945774904,4
6,3,3,0,0.1636658249422908,0.25387582747053405,328.3333333333333,1.247219128924647,3
4,2,2,0,0.2196485692014297,0.3090904061320097,329.0,1.0,2
4,2,2,0,0.06381401388595502,0.08835849739297609,331.5,0.5,2
6,3,3,0,0.08420820832252503,0.10212986086554847,332.0,0.816496580927726,3
6,3,3,0,0.08420820832252503,0.10212986086554847,332.0,0.816496580927726,3
6,3,3,0,0.08420820832252503,0.10212986086554847,332.0,0.816496580927726,3
8,4,4,0,0.5029681903709259,1.0636818654836906,332.5,1.118033988749895,4
4,2,2,0,1.033791138480107,1.4602506009149072,333.5,0.5,2
4,2,2,0,0.9344770973548293,1.3199810748023992,334.5,0.5,2
12,6,6,0,0.4198552727360617,0.8245822856001513,336.5,1.707825127659933,6
12,6,6,0,0.23799299618059938,0.38003968180441156,337.5,1.707825127659933,6
17,8,8,0,0.24600701563758776,0.3684081163165084,338.0,1.7320508075688772,8
17,8,8,0,0.24600701563758776,0.3684081163165084,338.0,1.7320508075688772,8
17,7,9,0,0.24087349738692865,0.33421580237998705,338.42857142857144,1.3997084244475302,7
10,3,6,0,0.37290994440101916,0.41307871923321154,339.6666666666667,0.4714045207910317,3
12,4,7,0,0.3995162348516963,0.4674227614941016,346.25,10.304731922762475,4
7,2,5,0,0.48466043050090474,0.501860243306458,353.0,11.0,2
7,2,5,0,0.48466043050090474,0.501860243306458,353.0,11.0,2
5,2,3,0,0.4691372918896377,0.545754263318584,353.0,11.0,2
4,2,2,0,0.18068184734632572,0.2535825584705992,353.0,11.0,2
6,3,3,0,0.11496204156428576,0.14019666021565078,366.0,0.816496580927726,3
6,3,3,0,0.11496204156428576,0.14019666021565078,366.0,0.816496580927726,3
8,4,4,0,0.3599518154348646,0.6584894209343397,366.5,1.118033988749895,4
14,7,7,0,0.300715980764765,0.5194169421685678,368.0,2.0,7
18,9,9,0,0.2728825539131375,0.465952619034515,369.0,2.581988897471611,9
15,7,7,0,0.20179737798337424,0.258721808292351,370.7142857142857,1.665986255670086,7
19,9,9,0,0.2232158031935493,0.27936535348262814,371.3333333333333,1.8856180831641267,9
23,11,11,0,0.21181561929089102,0.2647984322536397,372.90909090909093,2.3531234737354154,11
17,8,8,0,0.22207080468069762,0.2790973942236404,374.0,1.7320508075688772,8
15,7,7,0,0.27504395826586653,0.40989290178019977,375.0,2.0,7
12,6,6,0,0.2768294090743769,0.4182105562896603,375.5,1.707825127659933,6
8,4,4,0,0.2911585832812956,0.48442734154479494,376.5,1.118033988749895,4
8,3,4,1,0.3096330773883632,0.45325351926236657,168.0,0.816496580927726,3
10,4,5,1,0.25364889815035796,0.4140838445583221,168.5,1.118033988749895,4
12,5,6,1,0.32309067799625074,0.4850077478031411,169.2,1.7204650534085253,5
12,6,6,0,0.3267473977228457,0.4925318301353312,169.83333333333334,2.1147629234082532,6
12,6,6,0,0.3267473977228457,0.4925318301353312,169.83333333333334,2.1147629234082532,6
6,3,3,0,0.525742725096643,0.6430465631960206,171.66666666666666,1.247219128924647,3
4,2,2,0,0.45241961100449163,0.6382079012440787,172.5,0.5,2
8,4,4,0,0.59702616078513,1.210621273669922,174.5,1.118033988749895,4
8,4,4,0,0.1381364463429366,0.16628324368095318,175.5,1.118033988749895,4
12,6,6,0,0.24407411730763587,0.3225386206891538,176.5,1.707825127659933,6
12,6,6,0,0.24407411730763587,0.3225386206891538,176.5,1.707825127659933,6
12,6,6,0,0.24407411730763587,0.3225386206891538,176.5,1.707825127659933,6
6,3,3,0,0.34373779147863387,0.41993725202990856,178.0,0.816496580927726,3
4,2,2,0,0.2914650135984023,0.41078183906036553,178.5,0.5,2
8,4,4,0,0.12872654758393764,0.1825221087518832,181.5,1.118033988749895,4
8,4,4,0,0.12872654758393764,0.1825221087518832,181.5,1.118033988749895,4
10,5,5,0,0.22350013887302744,0.35436992887338353,182.0,1.4142135623730951,5
12,6,6,0,0.30290287496014073,0.45840680356982216,182.5,1.707825127659933,6
12,6,6,0,0.30290287496014073,0.45840680356982216,182.5,1.707825127659933,6
6,3,3,0,0.7083776082843543,0.9121134640431392,185.0,0.816496580927726,3
10,5,5,0,0.49990868516680265,0.7503144754971544,186.0,1.4142135623730951,5
9,4,5,0,0.5107787604210898,0.7341277351153479,186.5,1.118033988749895,4
11,5,6,0,0.326836375053972,0.3808712436073203,191.0,6.6332495807108,5
11,5,6,0,0.326836375053972,0.3808712436073203,191.0,6.6332495807108,5
15,7,8,0,0.3072021398693323,0.4520626416128684,198.14285714285714,8.576189154173505,7
15,7,8,0,0.26820322911122013,0.4215586361168965,204.14285714285714,5.986379097073417,7
16,8,8,0,0.27991224999229114,0.4689035533143866,204.875,5.925316447245666,8
12,6,6,0,0.19875227270478552,0.3745840960068621,207.5,1.707825127659933,6
14,7,7,0,0.29158758006703395,0.5146131542164827,208.14285714285714,2.2314999074019015,7
8,4,4,0,0.4411610118778689,0.6534944853891369,209.75,1.479019945774904,4
4,2,2,0,0.5350785832852125,0.7552374614582756,211.0,1.0,2
4,2,2,0,1.060219847286741,1.4973972465580487,214.5,0.5,2
6,3,3,0,0.7709286000579596,1.231164599077609,215.0,0.816496580927726,3
5,2,3,0,0.567420979263261,0.6528928373275548,215.5,0.5,2
5,2,3,0,0.567420979263261,0.6528928373275548,215.5,0.5,2
5,2,3,0,0.567420979263261,0.6528928373275548,215.5,0.5,2
3,1,2,0,0.7980175414122641,0.7961117080412805,216.0,0.0,1
5,2,3,0,0.9484765520319343,1.2597617386745992,217.5,0.5,2
4,2,2,0,0.2411963470901052,0.33914357494682024,217.5,0.5,2
4,2,2,0,0.2411963470901052,0.33914357494682024,217.5,0.5,2
4,2,2,0,0.2411963470901052,0.33914357494682024,217.5,0.5,2
4,2,2,0,0.2411963470901052,0.33914357494682024,217.5,0.5,2
4,2,2,0,0.7092800832663974,1.0017561748193462,219.5,0.5,2
4,2,2,0,0.7092800832663974,1.0017561748193462,219.5,0.5,2
4,2,2,0,0.7092800832663974,1.0017561748193462,219.5,0.5,2
3,1,2,0,2.1973505201749504,2.1964682298712432,220.0,0.0,1
6,2,4,0,0.4347006333991885,0.3962758199779089,221.5,0.5,2
8,3,5,0,0.46178332144128426,0.4401067091032647,222.33333333333334,1.247219128924647,3
8,3,5,0,0.46178332144128426,0.4401067091032647,222.33333333333334,1.247219128924647,3
7,3,4,0,0.46573249297216535,0.4752547347898749,222.33333333333334,1.247219128924647,3
6,3,3,0,0.35863788314163686,0.4496942770368714,222.33333333333334,1.247219128924647,3
4,2,2,0,0.1275117083763083,0.17838693745304407,225.5,0.5,2
4,2,2,0,0.1275117083763083,0.17838693745304407,225.5,0.5,2
5,2,3,0,0.5108799375593662,0.6817477700962931,225.5,0.5,2
5,2,3,0,0.5108799375593662,0.6817477700962931,225.5,0.5,2
9,3,5,0,0.5325128490803763,0.6599115537812111,225.33333333333334,0.4714045207910317,3
8,2,4,0,0.3983573095340814,0.5428451944638379,224.5,0.5,2
8,2,4,0,0.3983573095340814,0.5428451944638379,224.5,0.5,2
7,2,3,0,0.2055214929083983,0.2889547094765959,224.5,0.5,2
9,3,4,0,0.5268514425260946,0.9629709811304574,224.66666666666666,0.4714045207910317,3
7,2,4,0,0.7706519720765451,1.110574487882547,224.5,0.5,2
8,1,7,0,0.35934197024575304,0.44182650455650757,225.0,0.0,1
8,1,7,0,0.35934197024575304,0.44182650455650757,225.0,0.0,1
8,1,7,0,0.35934197024575304,0.44182650455650757,225.0,0.0,1
8,1,7,0,0.5013758392472353,0.7866726101946643,226.0,0.0,1
6,1,5,0,0.6151929751038552,0.9061189293506224,226.0,0.0,1
6,1,5,0,0.5493315419182181,0.6890181057988982,226.0,0.0,1
9,1,8,0,0.4199932812480256,0.5698583316118889,226.0,0.0,1
11,2,9,0,0.454733629245311,0.578591018123636,226.5,0.5,2
9,1,8,0,0.3300866198260337,0.3380707968892061,227.0,0.0,1
11,2,9,0,0.3900561165995896,0.4299047362059119,227.5,0.5,2
8,2,6,0,0.6318377439997026,0.6324473999331087,227.5,0.5,2
14,2,12,0,0.30943490063341766,0.49415420785233427,227.5,0.5,2
13,1,12,0,0.28818532296766836,0.4399442457038485,228.0,0.0,1
13,1,12,0,0.28818532296766836,0.4399442457038485,228.0,0.0,1
11,0,11,0,0.18661799170076848,0.20998972403072272,0.0,0.0,0
10,0,10,0,0.15189007410986555,0.19218460412580798,0.0,0.0,0
4,2,2,0,0.109065944639345,0.1523438263979652,229.5,0.5,2
4,2,2,0,0.109065944639345,0.1523438263979652,229.5,0.5,2
7,3,4,0,0.40383729866395396,0.5833523606071238,230.0,0.816496580927726,3
9,3,6,0,0.3627346979919821,0.5104904793458581,230.0,0.816496580927726,3
12,4,8,0,0.3908400378951972,0.49080623207671686,230.5,1.118033988749895,4
16,2,14,0,0.22711833336700996,0.26289699883823675,231.5,0.5,2
21,2,19,0,0.21708182711154222,0.23221698158626716,231.5,0.5,2
18,1,17,0,0.21288224024807706,0.2394912790018048,232.0,0.0,1
16,1,15,0,0.1590857027719418,0.1333145444634354,232.0,0.0,1
13,0,13,0,0.12623781245201826,0.0749214760984977,0.0,0.0,0
5,0,5,0,0.21212587505578995,0.0759508474839999,0.0,0.0,0
3,0,3,0,0.210907103959471,0.007352062966674566,0.0,0.0,0
9,0,9,0,0.16777980723418295,0.13730388907214947,0.0,0.0,0
11,0,11,0,0.17634840002283453,0.12403284069576588,0.0,0.0,0
14,1,13,0,0.23631591672221056,0.24437830067538618,233.0,0.0,1
22,1,21,0,0.19792507739648932,0.21540125366954896,233.0,0.0,1
21,1,20,0,0.20677115209400654,0.22608374369483764,233.0,0.0,1
15,1,14,0,0.25091671724138515,0.2562440104060831,233.0,0.0,1
13,1,12,0,0.19496065277295807,0.17870113692047282,233.0,0.0,1
10,0,10,0,0.16578476844976345,0.15763080022112744,0.0,0.0,0
6,3,3,0,0.09761964157223701,0.1486986549564021,235.0,0.816496580927726,3
6,3,3,0,0.09761964157223701,0.1486986549564021,235.0,0.816496580927726,3
6,3,3,0,0.09761964157223701,0.1486986549564021,235.0,0.816496580927726,3
6,3,3,0,0.09761964157223701,0.1486986549564021,235.0,0.816496580927726,3
6,3,3,0,0.09761964157223701,0.1486986549564021,235.0,0.816496580927726,3
7,2,3,0,0.4611041317693889,0.7651307433164969,234.5,0.5,2
10,3,4,0,0.3895264860863487,0.6636230835833488,234.0,0.816496580927726,3
14,5,6,0,0.3326435832736584,0.5713019952300381,234.2,0.7483314773547883,5
13,5,5,0,0.1867906666981677,0.2775515231630686,234.2,0.7483314773547883,5
15,5,7,0,0.3256294732647283,0.4806620641033145,234.2,0.7483314773547883,5
18,3,14,0,0.25347377452999353,0.4161302992089504,234.0,0.816496580927726,3
17,2,15,0,0.2861765989800915,0.4260841054420102,234.5,0.5,2
17,0,17,0,0.2213854479487054,0.1860871205174473,0.0,0.0,0
22,0,22,0,0.22343478968278283,0.16502282618993358,0.0,0.0,0
22,0,22,0,0.22175806148775987,0.16552901726092292,0.0,0.0,0
13,0,13,0,0.3213381041617443,0.1569201532587151,0.0,0.0,0
11,0,11,0,0.28835616251453755,0.13379960082463932,0.0,0.0,0
11,2,9,0,0.44215183341875675,0.6174591604142379,236.5,0.5,2
8,3,5,0,0.6173152618908456,0.7628590985968268,237.33333333333334,1.247219128924647,3
6,3,3,0,0.293878616578877,0.4460251497752493,237.33333333333334,1.247219128924647,3
8,4,4,0,0.4226608630269766,0.5843585830893734,238.0,1.5811388300841898,4
9,4,5,0,0.5025693280622363,0.5860785987531724,238.0,1.5811388300841898,4
9,4,5,0,0.5228222603909671,0.5566711120890322,240.5,1.118033988749895,4
7,3,4,0,0.44887359719723463,0.45507814670527386,241.0,0.816496580927726,3
7,3,4,0,0.44887359719723463,0.45507814670527386,241.0,0.816496580927726,3
5,2,3,0,0.40753339580260217,0.40604007602911196,241.5,0.5,2
8,4,4,0,0.7044818749917405,1.3672484506773925,242.5,1.118033988749895,4
6,3,3,0,0.09726056661456824,0.1316800573873765,244.0,0.816496580927726,3
6,3,3,0,0.09726056661456824,0.1316800573873765,244.0,0.816496580927726,3
6,3,3,0,0.09726056661456824,0.1316800573873765,244.0,0.816496580927726,3
8,4,4,0,0.48359164289597956,0.9922957602095915,244.5,1.118033988749895,4
6,3,3,0,0.9330700499936938,1.1961653209696677,246.0,0.816496580927726,3
4,2,2,0,0.5887840697541833,0.830977232586307,246.5,0.5,2
5,2,3,0,0.9091028543189168,0.9086829711415761,246.5,0.5,2
5,2,3,0,0.9091028543189168,0.9086829711415761,246.5,0.5,2
3,1,2,0,0.935561437625438,0.9344977703876793,247.0,0.0,1
5,2,3,0,0.6041697708424181,1.022603048774769,248.5,0.5,2
8,3,4,0,0.47981578577309847,0.837827158297013,248.33333333333334,0.4714045207910317,3
7,3,3,0,0.16392486123368144,0.34704063873291424,248.33333333333334,0.4714045207910317,3
7,3,3,0,0.16392486123368144,0.34704063873291424,248.33333333333334,0.4714045207910317,3
7,3,3,0,0.16392486123368144,0.34704063873291424,248.33333333333334,0.4714045207910317,3
3,1,1,0,0.00136524997651577,0.0004347916692495346,248.0,0.0,1
4,1,2,1,0.9715164027487239,1.3718467994608925,231.0,0.0,1
8,3,4,1,0.6127989821668182,1.0268122078935842,232.0,0.816496580927726,3
8,4,4,0,0.2869803986645171,0.43966604192650927,232.75,1.479019945774904,4
10,5,5,0,0.37828421282271546,0.5357682947055796,233.4,1.8547236990991407,5
16,8,8,0,0.2983755027254423,0.44131345287154294,235.125,2.7128168017763383,8
16,8,8,0,0.26549698890497286,0.38562216996152654,236.25,2.6339134382131846,8
13,6,7,0,0.3312288507198294,0.4227032512669707,237.5,1.707825127659933,6
15,7,8,0,0.2948447559028864,0.3546615424571689,241.14285714285714,6.334228364970103,7
13,6,7,0,0.31377594095344347,0.37269301126283066,242.0,6.454972243679028,6
7,3,4,0,0.3863389096222818,0.4386849387400075,246.0,7.118052168020874,3
9,4,5,0,0.49901074485387653,0.7571165615033426,253.25,6.53356717268599,4
10,5,5,0,0.41497790741009843,0.7076481493958825,254.6,6.437390775772432,5
6,3,3,0,0.2137080917134881,0.3396792054029306,258.3333333333333,1.247219128924647,3
6,3,3,0,0.2137080917134881,0.3396792054029306,258.3333333333333,1.247219128924647,3
6,3,3,0,0.2137080917134881,0.3396792054029306,258.3333333333333,1.247219128924647,3
4,2,2,0,0.3964318468545874,0.5591610616133756,261.5,0.5,2
8,4,4,0,0.4213984047195741,0.4951644965140005,262.5,1.118033988749895,4
9,4,5,0,0.44740398949943483,0.46826640586333534,262.5,1.118033988749895,4
9,4,5,0,0.44740398949943483,0.46826640586333534,262.5,1.118033988749895,4
11,5,6,0,0.43207946661859753,0.5057254866413399,268.6,9.789790600416334,5
9,4,5,0,0.42417697922792286,0.5155597492401117,270.25,10.304731922762475,4
5,2,3,0,0.48253302089869976,0.6219051763225196,277.0,11.0,2
4,2,2,0,0.1363820554688573,0.190803828517523,277.0,11.0,2
4,2,2,0,0.1363820554688573,0.190803828517523,277.0,11.0,2
3,1,2,0,0.47175843734294176,0.47015522979199886,281.0,0.0,1
7,3,4,0,0.31354693742468953,0.3669698943891044,282.0,0.816496580927726,3
13,6,7,0,0.24265565273041526,0.30627020507999775,283.5,1.707825127659933,6
17,8,9,0,0.2141320260707289,0.27774280841423177,284.5,2.29128784747792,8
18,9,9,0,0.19178256617092035,0.2488517102297432,285.0,2.581988897471611,9
16,8,8,0,0.17331085832168658,0.22994905108054878,285.5,2.29128784747792,8
13,6,7,0,0.3673383020795882,0.6181250541758901,286.5,1.707825127659933,6
7,3,4,0,0.5554501803902289,0.8064436424161585,288.0,0.816496580927726,3
4,1,3,0,1.454411819577217,1.0277354539938663,289.0,0.0,1
4,1,3,0,0.9932684584831198,0.8652065799142259,302.0,0.0,1
4,1,3,0,0.9932684584831198,0.8652065799142259,302.0,0.0,1
5,2,3,0,0.7369738018605858,0.8500904194361175,302.5,0.5,2
11,5,6,0,0.44058904992416503,0.62229349143404,304.0,1.4142135623730951,5
10,5,5,0,0.39304499990410274,0.6384923729209265,304.0,1.4142135623730951,5
20,8,8,0,0.185181725917286,0.353532507894021,304.0,1.224744871391589,8
26,11,11,0,0.18052485499531032,0.3234041631777741,304.0,1.1281521496355325,11
26,11,11,0,0.16809817668050528,0.31473477298443103,304.27272727272725,1.2128785512842122,11
28,12,12,0,0.1296566373979052,0.20897606420842876,305.5,2.4324199198877374,12
30,13,13,0,0.12640821551582937,0.20312162380053195,305.9230769230769,2.7585263195447856,13
18,9,9,0,0.14856730385080857,0.2258215583980598,307.0,2.581988897471611,9
15,6,9,0,0.33803651787872824,0.5308650517143177,308.5,1.707825127659933,6
17,6,10,0,0.2925154713448137,0.4804119930589556,309.1666666666667,1.3437096247164249,6
17,5,9,0,0.29858697921736166,0.48732898660738966,309.4,1.019803902718557,5
17,5,9,0,0.21053321874933317,0.23086205151303804,309.2,0.7483314773547883,5
18,5,10,0,0.2655317255241029,0.31394191225246953,309.2,0.7483314773547883,5
18,6,8,0,0.22993501472999067,0.3308694232685287,309.1666666666667,0.6871842709362768,6
14,5,6,0,0.24001821803932005,0.36149068522519645,309.0,0.6324555320336759,5
6,2,3,0,0.37503869999200107,0.47643914066533155,309.5,0.5,2
4,1,2,0,0.24273141690840325,0.3412210242117146,309.0,0.0,1
3,1,1,0,0.0014518126845359802,0.00037256255745887756,309.0,0.0,1
4,1,3,0,1.1676360139002402,1.4114019889476863,310.0,0.0,1
4,1,3,0,1.1676360139002402,1.4114019889476863,310.0,0.0,1
3,1,2,0,0.1746714790351689,0.17363081267103553,310.0,0.0,1
3,1,2,0,0.1746714790351689,0.17363081267103553,310.0,0.0,1
3,1,2,0,0.1746714790351689,0.17363081267103553,310.0,0.0,1
9,4,5,0,0.21296444279141724,0.3175113119918884,312.5,1.118033988749895,4
13,6,7,0,0.1989555764788141,0.2797918436195819,313.5,1.707825127659933,6
17,8,9,0,0.24098161718575284,0.3396324398999675,317.375,8.802520945729126,8
17,8,9,0,0.24098161718575284,0.3396324398999675,317.375,8.802520945729126,8
22,11,11,0,0.22727951784396455,0.38756866367766757,324.09090909090907,13.296989033438054,11
14,7,7,0,0.2897968012123154,0.4662755992388861,330.7142857142857,12.509588159422648,7
12,6,6,0,0.3244577993384816,0.5338898334350691,338.0,9.03696114115064,6
8,4,4,0,0.2412941489102585,0.453702488155138,342.5,1.118033988749895,4
12,6,6,0,0.37191221211105585,0.6725608288388387,343.5,1.707825127659933,6
6,3,3,0,0.4805856831371784,0.8359342794660785,345.0,0.816496580927726,3
6,3,3,0,0.4805856831371784,0.8359342794660785,345.0,0.816496580927726,3
6,3,3,0,0.7156813085079193,1.3039279923064377,346.0,0.816496580927726,3
7,3,4,0,0.7789450556350251,1.1986944353906015,346.0,0.816496580927726,3
3,1,2,0,0.5481433747336268,0.5471204165369272,347.0,0.0,1
8,3,4,0,0.4307987796408789,0.6595462960237747,346.6666666666667,0.4714045207910317,3
8,3,4,0,0.4307987796408789,0.6595462960237747,346.6666666666667,0.4714045207910317,3
7,2,4,0,0.5755459236291548,0.7648601587476396,346.5,0.5,2
8,3,4,0,0.3774748274258205,0.5720199324417051,347.0,0.816496580927726,3
10,3,6,0,0.3933807778068715,0.5196071117173703,347.0,0.816496580927726,3
11,4,7,0,0.3532781624235213,0.368161731871083,349.5,1.118033988749895,4
17,7,10,0,0.2667848411365412,0.32183415550073147,351.0,2.0,7
20,9,11,0,0.2409093838283106,0.29124542636749823,353.6666666666667,6.236095644623235,9
18,8,10,0,0.22771233090144746,0.2802485469222831,354.375,6.263734908183775,8
16,8,8,0,0.18675620562086503,0.24317618727884593,354.375,6.263734908183775,8
14,7,7,0,0.3669960161384482,0.735106768700657,361.14285714285717,8.626016651114588,7
10,5,5,0,0.46024367140813005,0.8577008114730674,368.6,6.437390775772431,5
6,3,3,0,0.17169048339128495,0.27476925527299695,372.3333333333333,1.247219128924647,3
8,4,4,0,0.35642297020448105,0.5742387745910927,373.0,1.5811388300841898,4
12,6,6,0,0.3836382802745158,0.527617863206257,374.1666666666667,2.1147629234082532,6
8,4,4,0,0.48040823225996326,0.6024624092283709,375.5,1.118033988749895,4
6,3,3,0,0.34535007514059546,0.42126127122795437,376.0,0.816496580927726,3
6,3,3,0,0.34535007514059546,0.42126127122795437,376.0,0.816496580927726,3
4,2,2,0,0.28758394438773394,0.40494705666972414,376.5,0.5,2
3,1,2,0,0.5345841250382364,0.533154250588268,378.0,0.0,1
5,2,3,0,0.7629546353127807,0.82730204744474,379.0,1.0,2
7,3,4,0,0.5715946041358014,0.73569907335556,386.6666666666667,10.873004286866726,3
5,2,3,0,0.5900998436845839,0.8177564617121055,391.0,11.0,2
11,5,6,0,0.4474968208000064,0.7341547510899674,398.8,9.45304183847718,5
16,8,8,0,0.23621550835669042,0.46288879602360883,401.875,8.476990916592987,8
18,9,9,0,0.2710110514479525,0.4973291963644616,406.0,2.581988897471611,9
16,8,8,0,0.186347436097761,0.33204709130798193,406.5,2.29128784747792,8
21,10,11,0,0.23198730209842325,0.3632761716767793,407.5,2.8722813232690143,10
23,11,12,0,0.20959988634356044,0.33320633207758305,411.0,3.1622776601683795,11
21,10,11,0,0.20273341462016106,0.27681981422845453,415.8,8.482924024179399,10
17,8,9,0,0.17015286983223632,0.19415551881286316,417.375,8.802520945729126,8
25,12,13,0,0.19806845490044603,0.3185895539646285,425.75,13.86918046124812,12
24,12,12,0,0.19275374815839788,0.3235695744577337,431.4166666666667,13.835090249876298,12
16,8,8,0,0.2063397666439414,0.37305155706870086,439.875,8.476990916592987,8
12,6,6,0,0.10761268182911655,0.1381194962543238,443.5,1.707825127659933,6
16,8,8,0,0.3119444833447536,0.7942414980411865,444.5,2.29128784747792,8
8,4,4,0,0.5265973630760398,1.1134982847846224,446.5,1.118033988749895,4
4,2,2,0,0.08385744442542394,0.1169148703222301,447.5,0.5,2
4,2,2,0,0.08385744442542394,0.1169148703222301,447.5,0.5,2
4,2,2,0,0.08385744442542394,0.1169148703222301,447.5,0.5,2
4,1,2,1,0.6750915000836054,0.9524832365076171,211.0,0.0,1
4,1,2,1,0.6750915000836054,0.9524832365076171,211.0,0.0,1
4,1,2,1,0.6750915000836054,0.9524832365076171,211.0,0.0,1
6,3,3,0,0.11865784171968699,0.1467424945154014,213.0,0.816496580927726,3
10,5,5,0,0.20846655095616975,0.28148063072008045,214.0,1.4142135623730951,5
12,6,6,0,0.24333642423152924,0.31484475090250635,214.5,1.707825127659933,6
16,8,8,0,0.26035255833218496,0.3359111190248579,215.5,2.29128784747792,8
18,9,9,0,0.24332789704203606,0.3213512867006823,216.0,2.581988897471611,9
12,6,6,0,0.28502617801793595,0.3722060738062121,217.5,1.707825127659933,6
12,6,6,0,0.36521998488090257,0.6916895571461267,219.5,1.707825127659933,6
12,6,6,0,0.3049195417287675,0.6673175575289116,220.5,1.707825127659933,6
8,4,4,0,0.40533649415842127,0.8139232853869952,221.5,1.118033988749895,4
6,3,3,0,0.09046887494623661,0.11451610026086022,222.0,0.816496580927726,3
14,7,7,0,0.3327113108422894,0.780402261028148,224.0,2.0,7
10,5,5,0,0.4304961712203092,0.9178468559525345,225.0,1.4142135623730951,5
10,5,5,0,0.2924498981899685,0.5374735570218269,226.0,1.4142135623730951,5
10,5,5,0,0.2924498981899685,0.5374735570218269,226.0,1.4142135623730951,5
10,5,5,0,0.2924498981899685,0.5374735570218269,226.0,1.4142135623730951,5
3,1,2,0,1.5490272915922105,1.547373874578625,228.0,0.0,1
3,1,2,0,1.5490272915922105,1.547373874578625,228.0,0.0,1
7,2,3,0,0.3638967568986118,0.6160393433350502,226.5,0.5,2
25,8,9,0,0.13274526390402266,0.3456178711545916,223.5,2.29128784747792,8
37,12,13,0,0.11660740162349409,0.29715894700975204,221.5,3.452052529534663,12
57,19,19,0,0.06213420313516898,0.11817132916722424,218.0,5.477225575051661,19
57,19,19,0,0.06213420313516898,0.11817132916722424,218.0,5.477225575051661,19
55,19,19,0,0.0837629166673179,0.2161687756350867,216.31578947368422,5.047694956782879,19
39,14,14,0,0.11057801645151094,0.28067293796399595,213.35714285714286,3.0846889830984545,14
27,10,10,0,0.13257363786061221,0.3240842722302633,211.7,1.7916472867168916,10
6,3,3,0,0.2214309750124812,0.3645493002769245,211.0,0.816496580927726,3
6,3,3,0,0.2214309750124812,0.3645493002769245,211.0,0.816496580927726,3
8,3,4,1,0.25417570849614485,0.39256811847762996,432.0,0.816496580927726,3
10,4,5,1,0.2189020880808433,0.3552161468245853,432.5,1.118033988749895,4
12,5,6,1,0.3042129697278142,0.4709901509009147,433.0,1.4142135623730951,5
16,7,8,1,0.32599566113203765,0.453904198821748,434.2857142857143,2.3733211036908783,7
14,7,7,0,0.28728067946548647,0.4188510904462069,434.2857142857143,2.3733211036908783,7
12,6,6,0,0.4004443826323206,0.5237795899874078,437.1666666666667,2.1147629234082532,6
12,6,6,0,0.398257549259473,0.5198729350269294,438.3333333333333,1.9720265943665387,6
14,7,7,0,0.3677562211568539,0.49632666136479403,440.0,2.0,7
10,5,5,0,0.2884201157010264,0.4426805980667129,441.0,1.4142135623730951,5
12,6,6,0,0.3481809091330929,0.4954381790023844,441.5,1.707825127659933,6
8,4,4,0,0.3239737025329045,0.4517366045999151,442.5,1.118033988749895,4
10,5,5,0,0.4896142360650831,0.7546677911634595,444.0,1.4142135623730951,5
6,3,3,0,0.5783186167478561,0.895758364448358,445.0,0.816496580927726,3
10,5,5,0,0.5148247824981809,0.7396833865599702,446.0,1.4142135623730951,5
12,6,6,0,0.30323337501084263,0.38406448966220336,447.5,1.707825127659933,6
12,6,6,0,0.30323337501084263,0.38406448966220336,447.5,1.707825127659933,6
9,4,5,0,0.3973805884597823,0.5182106664026228,448.5,1.118033988749895,4
11,5,6,0,0.4214792207814753,0.5200485350759991,449.2,1.7204650534085253,5
9,4,5,0,0.46758803131524473,0.5712007997070141,454.25,6.869315832017043,4
9,4,5,0,0.4536891406169161,0.5498179631172084,463.25,6.53356717268599,4
11,5,6,0,0.3822327417321503,0.5138632512064097,464.4,6.280127387243032,5
10,5,5,0,0.30980532875077593,0.4908539832439997,464.4,6.280127387243032,5
12,6,6,0,0.40948467049747705,0.6927744043586422,468.6666666666667,1.9720265943665387,6
10,5,5,0,0.3414455277638303,0.6691785853783929,469.2,1.7204650534085253,5
8,4,4,0,0.56323621435357,0.7917892200087981,471.0,1.5811388300841898,4
8,4,4,0,0.39534190483391285,0.5024106619962716,472.25,1.479019945774904,4
8,4,4,0,0.39534190483391285,0.5024106619962716,472.25,1.479019945774904,4
6,3,3,0,0.6052483582869173,0.8053196141966354,474.0,0.816496580927726,3
8,4,4,0,0.6413585477109466,0.7867552259736691,474.5,1.118033988749895,4
10,5,5,0,0.4851805463226305,0.7050879550966378,476.0,1.4142135623730951,5
8,4,4,0,0.3358491488865444,0.4993152825934367,476.5,1.118033988749895,4
10,5,5,0,0.49404811579734087,0.7244009814356186,477.0,1.4142135623730951,5
10,5,5,0,0.495748916744358,0.7266926897269768,478.0,1.4142135623730951,5
8,4,4,0,0.5665693215227553,0.7993702742754073,478.5,1.118033988749895,4
6,3,3,0,0.6948919501155615,0.8648872582191074,480.0,0.816496580927726,3
8,4,4,0,0.5689698810290013,0.7695374870889051,480.5,1.118033988749895,4
8,4,4,0,0.479813976213336,0.6912739509740197,481.5,1.118033988749895,4
10,5,5,0,0.3194391342500846,0.4487113371212439,483.0,1.4142135623730951,5
11,5,6,0,0.37859746664762495,0.4611995796654004,483.0,1.4142135623730951,5
11,5,6,0,0.43718521669507027,0.5085961290204574,484.2,1.7204650534085253,5
11,5,6,0,0.42123769167810676,0.49769663318508855,489.6,9.789790600416334,5
9,4,5,0,0.36315759376157075,0.43184541538835236,491.25,10.304731922762475,4
5,2,3,0,0.44739243760704994,0.4678277757024755,498.0,11.0,2
4,2,2,0,0.2322163749486208,0.32651822592350144,498.0,11.0,2
4,2,2,0,0.07661955524235964,0.10656443494070085,510.5,0.5,2
6,3,3,0,0.296038750000298,0.48334597005386454,511.3333333333333,1.247219128924647,3
6,3,3,0,0.296038750000298,0.48334597005386454,511.3333333333333,1.247219128924647,3
6,3,3,0,0.296038750000298,0.48334597005386454,511.3333333333333,1.247219128924647,3
6,3,3,0,0.296038750000298,0.48334597005386454,511.3333333333333,1.247219128924647,3
4,2,2,0,0.08193594434609015,0.1142858197105744,514.5,0.5,2
4,2,2,0,0.08193594434609015,0.1142858197105744,514.5,0.5,2
6,3,3,0,0.46662366669625044,0.8150300162334078,516.0,2.160246899469287,3
6,3,3,0,0.46662366669625044,0.8150300162334078,516.0,2.160246899469287,3
8,4,4,0,0.6028726547956467,0.8802038971436343,517.25,2.8613807855648994,4
6,3,3,0,0.4759330915287137,0.7300859217220379,520.6666666666666,1.247219128924647,3
6,3,3,0,0.4759330915287137,0.7300859217220379,520.6666666666666,1.247219128924647,3
5,2,3,0,0.653701041592285,0.8713370756555323,521.5,0.5,2
5,2,3,0,0.653701041592285,0.8713370756555323,521.5,0.5,2
3,1,2,0,1.0618930831551552,1.060833583585918,522.0,0.0,1
3,1,2,0,1.514075354207307,1.5129500622861087,524.0,0.0,1
5,2,3,0,1.159215114545077,1.2620684949240142,524.5,0.5,2
4,2,2,0,0.5366116805622975,0.7571101001909106,524.5,0.5,2
4,2,2,0,0.5366116805622975,0.7571101001909106,524.5,0.5,2
4,2,2,0,0.5366116805622975,0.7571101001909106,524.5,0.5,2
3,1,1,0,0.004879978951066732,0.003280478995293379,524.0,0.0,1
3,1,1,0,0.004879978951066732,0.003280478995293379,524.0,0.0,1
4,1,2,0,0.7113875277961293,0.9991561477125299,524.0,0.0,1
13,4,5,0,0.30098004864218336,0.6116945469257936,522.5,1.118033988749895,4
46,15,16,0,0.10095689629928933,0.3397075227877992,517.0,4.320493798938574,15
58,19,20,0,0.05870735088134544,0.1447152759911884,514.0,5.477225575051661,19
61,20,21,0,0.0626532389006267,0.14848404752080618,513.5,5.766281297335398,20
63,20,23,0,0.07216062096338119,0.16077699746674023,513.5,5.766281297335398,20
58,17,24,0,0.07985438084589284,0.15891910437582057,512.0,4.898979485566356,17
34,9,16,0,0.14684934471028321,0.22258838866562497,504.6666666666667,3.197221015541813,9
19,4,11,0,0.19884058802078167,0.26051722927091103,501.75,2.277608394786075,4
22,6,13,0,0.19730089879816487,0.27972779851225654,500.5,1.707825127659933,6
21,7,11,0,0.19855923955328764,0.3037866855203527,500.7142857142857,1.665986255670086,7
19,8,8,0,0.23224773842634427,0.4208154286485255,501.0,1.7320508075688772,8
22,9,9,0,0.18393890870114168,0.3587222748138672,500.77777777777777,1.314684396244359,9
27,11,11,0,0.1854843718286317,0.34664925287855425,500.3636363636364,1.4937887931959075,11
25,10,10,0,0.17973501739713052,0.34653322527495845,500.5,1.5,10
31,13,13,0,0.14441805416718126,0.23081619342729928,501.3076923076923,2.0147385928782757,13
35,15,15,0,0.13389076103511102,0.19978239034678463,502.3333333333333,2.9814239699997196,15
25,12,12,0,0.18586243056536964,0.2451259558685463,503.5,3.452052529534663,12
22,11,11,0,0.1894451885351113,0.23359785638956715,505.0,3.1622776601683795,11
19,9,10,0,0.21925634492395651,0.27408072551268947,506.0,2.581988897471611,9
12,5,7,0,0.3862864053384824,0.4275606906963332,508.0,1.4142135623730951,5
8,3,5,0,0.5211411606786507,0.4994129869042707,510.0,0.816496580927726,3
6,2,4,0,0.631205408461392,0.5318624181737208,510.5,0.5,2
9,3,5,0,0.6007520572748035,0.8189433818587221,510.6666666666667,0.4714045207910317,3
8,3,4,0,0.5011905773675868,0.82896206683573,510.6666666666667,0.4714045207910317,3
7,3,3,0,0.4300365902793904,0.8753671023127931,510.6666666666667,0.4714045207910317,3
5,2,2,0,0.04952210420742631,0.08219364209663152,510.5,0.5,2
5,2,2,0,0.04952210420742631,0.08219364209663152,510.5,0.5,2
6,3,3,0,0.07116469163447618,0.08656453874778239,277.0,0.816496580927726,3
8,4,4,0,0.09496761312974351,0.11612904937469705,277.5,1.118033988749895,4
10,5,5,0,0.17868316204597554,0.29028981588361985,278.2,1.7204650534085253,5
12,6,6,0,0.259342840872705,0.4101860051302413,279.0,2.3804761428476167,6
18,9,9,0,0.2546066764523001,0.3903999552495993,281.0,3.4641016151377544,9
12,6,6,0,0.33315329922532494,0.45871252634767146,283.0,2.3804761428476167,6
11,5,6,0,0.4680918167345226,0.6555243412171928,283.8,1.7204650534085253,5
9,4,5,0,0.4296347813215107,0.658281236729454,284.5,1.118033988749895,4
9,4,5,0,0.5321456978563219,0.789068223013718,285.5,1.118033988749895,4
5,2,3,0,0.582604520721361,0.7408367496243389,287.5,0.5,2
7,3,4,0,0.6226353053934872,0.7299370496544018,288.0,0.816496580927726,3
10,5,5,0,0.3096871759949459,0.45458706783513536,289.0,1.4142135623730951,5
13,5,8,0,0.3336430659983307,0.40622561226937276,289.0,1.4142135623730951,5
11,4,7,0,0.348820991627872,0.42831847395745604,289.5,1.118033988749895,4
10,3,7,0,0.39314368056754273,0.4481829016545163,290.0,0.816496580927726,3
12,4,8,0,0.3962121250277216,0.4566631769813043,295.25,6.869315832017043,4
8,2,6,0,0.5007311844133905,0.5060475465674424,300.0,7.0,2
5,2,3,0,0.37360642687417567,0.4230358216486943,300.0,7.0,2
9,4,5,0,0.5315725415712222,0.8305562078032993,304.25,6.53356717268599,4
8,4,4,0,0.46036658329623087,0.8647586582318485,304.25,6.53356717268599,4
6,3,3,0,0.43717185836285355,0.769506418095637,309.3333333333333,1.247219128924647,3
6,3,3,0,0.43717185836285355,0.769506418095637,309.3333333333333,1.247219128924647,3
6,3,3,0,0.43717185836285355,0.769506418095637,309.3333333333333,1.247219128924647,3
4,2,2,0,0.14639783340195814,0.20459361013355784,312.5,0.5,2
6,3,3,0,0.14281503353267908,0.18030340486179164,313.0,0.816496580927726,3
6,3,3,0,0.14281503353267908,0.18030340486179164,313.0,0.816496580927726,3
6,3,3,0,0.14281503353267908,0.18030340486179164,313.0,0.816496580927726,3
6,3,3,0,0.14281503353267908,0.18030340486179164,313.0,0.816496580927726,3
6,3,3,0,0.9695430250838399,1.7041818479542759,315.6666666666667,1.247219128924647,3
5,2,3,0,0.365139031317085,0.402245367183248,316.5,0.5,2
9,4,5,0,0.3049984009703621,0.34537051033178756,317.5,1.118033988749895,4
13,6,7,0,0.24636296182870865,0.30423632423646546,318.5,1.707825127659933,6
15,7,8,0,0.2668586874912892,0.3216359983173713,319.14285714285717,2.2314999074019015,7
11,5,6,0,0.22754654996097087,0.2733130309017358,320.2,1.7204650534085253,5
10,5,5,0,0.1826796480971906,0.2507381611584447,320.2,1.7204650534085253,5
8,4,4,0,0.605690613122923,1.0663252749475034,322.0,1.5811388300841898,4
5,2,3,0,1.0938392081297934,1.2814281118913,323.5,0.5,2
4,1,3,0,0.5801762084787091,0.5088908398441088,324.0,0.0,1
6,2,4,0,0.6507241917774081,0.6249489319127749,325.0,1.0,2
8,3,5,0,0.5742404464898365,0.5789414592788908,332.6666666666667,10.873004286866726,3
6,2,4,0,0.5557141834869981,0.5609063479190746,337.0,11.0,2
5,2,3,0,0.5697886249981821,0.626322173007338,337.0,11.0,2
4,2,2,0,0.2560330138852199,0.3595399169049776,337.0,11.0,2
6,3,3,0,0.07831083312630653,0.1085887236856159,350.0,0.816496580927726,3
8,4,4,0,0.14698822011372872,0.22123260290869054,350.75,1.479019945774904,4
8,4,4,0,0.14698822011372872,0.22123260290869054,350.75,1.479019945774904,4
8,4,4,0,0.14698822011372872,0.22123260290869054,350.75,1.479019945774904,4
12,6,6,0,0.4276322007009929,0.9853759706189943,352.0,2.160246899469287,6
6,3,3,0,0.7353229666128754,1.3780307313278315,354.0,0.816496580927726,3
4,2,2,0,0.06244286087652048,0.08667045659837098,354.5,0.5,2
4,2,2,0,0.06244286087652048,0.08667045659837098,354.5,0.5,2
4,2,2,0,0.06244286087652048,0.08667045659837098,354.5,0.5,2
3,1,2,0,0.4657036457210779,0.46428185421973467,360.0,0.0,1
7,3,4,0,0.36907656242450076,0.4283200588177785,361.0,0.816496580927726,3
9,4,5,0,0.37504304165486246,0.41961655710297235,362.0,1.8708286933869707,4
13,6,7,0,0.37844817705142003,0.4736799158741177,363.5,2.6299556396765835,6
12,6,6,0,0.3283084204251116,0.4632518053489953,363.5,2.6299556396765835,6
12,6,6,0,0.35769434476440604,0.5115461490494304,364.8333333333333,2.544056253745625,6
9,4,5,0,0.533305031247437,0.6437847382673686,366.5,1.118033988749895,4
9,4,5,0,0.516885312506929,0.6238222505108894,367.5,1.118033988749895,4
5,2,3,0,0.661763854091987,0.6638488424411113,368.5,0.5,2
5,2,3,0,0.661763854091987,0.6638488424411113,368.5,0.5,2
